-- XP Potion 10.000%
DELETE FROM `item_sparse` WHERE `ID`=4000000;
INSERT INTO `item_sparse` (`ID`, `AllowableRace`, `Display`, `Display1`, `Display2`, `Display3`, `Description`, `Flags1`, `Flags2`, `Flags3`, `Flags4`, `PriceRandomValue`, `PriceVariance`, `VendorStackCount`, `BuyPrice`, `SellPrice`, `RequiredAbility`, `MaxCount`, `Stackable`, `StatPercentEditor1`, `StatPercentEditor2`, `StatPercentEditor3`, `StatPercentEditor4`, `StatPercentEditor5`, `StatPercentEditor6`, `StatPercentEditor7`, `StatPercentEditor8`, `StatPercentEditor9`, `StatPercentEditor10`, `StatPercentageOfSocket1`, `StatPercentageOfSocket2`, `StatPercentageOfSocket3`, `StatPercentageOfSocket4`, `StatPercentageOfSocket5`, `StatPercentageOfSocket6`, `StatPercentageOfSocket7`, `StatPercentageOfSocket8`, `StatPercentageOfSocket9`, `StatPercentageOfSocket10`, `ItemRange`, `BagFamily`, `QualityModifier`, `DurationInInventory`, `DmgVariance`, `AllowableClass`, `ItemLevel`, `RequiredSkill`, `RequiredSkillRank`, `MinFactionID`, `ItemStatValue1`, `ItemStatValue2`, `ItemStatValue3`, `ItemStatValue4`, `ItemStatValue5`, `ItemStatValue6`, `ItemStatValue7`, `ItemStatValue8`, `ItemStatValue9`, `ItemStatValue10`, `ScalingStatDistributionID`, `ItemDelay`, `PageID`, `StartQuestID`, `LockID`, `RandomSelect`, `ItemRandomSuffixGroupID`, `ItemSet`, `ZoneBound`, `InstanceBound`, `TotemCategoryID`, `SocketMatch_enchantment_id`, `GemProperties`, `LimitCategory`, `RequiredHoliday`, `RequiredTransmogHoliday`, `ItemNameDescriptionID`, `OverallQualityID`, `InventoryType`, `RequiredLevel`, `RequiredPVPRank`, `RequiredPVPMedal`, `MinReputation`, `ContainerSlots`, `StatModifierBonusStat1`, `StatModifierBonusStat2`, `StatModifierBonusStat3`, `StatModifierBonusStat4`, `StatModifierBonusStat5`, `StatModifierBonusStat6`, `StatModifierBonusStat7`, `StatModifierBonusStat8`, `StatModifierBonusStat9`, `StatModifierBonusStat10`, `DamageDamageType`, `Bonding`, `LanguageID`, `PageMaterialID`, `Material`, `SheatheType`, `SocketType1`, `SocketType2`, `SocketType3`, `SpellWeightCategory`, `SpellWeight`, `ArtifactID`, `ExpansionID`, `VerifiedBuild`) VALUES (4000000, -1, 'Potion of ultimate Wisdom', NULL, NULL, NULL, 'Smells faintly of gnomes.', 32832, 8192, 0, 0, 0.9678, 1, 1, 0, 0, 0, 0, 20, 0, 0, 0, 0, 0, 0, 0, 0, 0, 0, 0, 0, 0, 0, 0, 0, 0, 0, 0, 0, 0, 0, 0, 0, 0, -1, 420, 0, 0, 0, 0, 0, 0, 0, 0, 0, 0, 0, 0, 0, 0, 0, 0, 0, 0, 0, 0, 0, 0, 0, 0, 0, 0, 0, 0, 0, 0, 6, 0, 1, 0, 0, 0, 0, -1, -1, -1, -1, -1, -1, -1, -1, -1, -1, 0, 0, 0, 0, 3, 0, 0, 0, 0, 0, 0, 0, 0, 4200);
DELETE FROM `itemsparse` WHERE `ID`=4000000;
INSERT INTO `itemsparse` (`ID`, `AllowableRace`, `Name1`, `Name2`, `Name3`, `Name4`, `Description`, `Flags1`, `Flags2`, `Flags3`, `Flags4`, `PriceRandomValue`, `PriceVariance`, `VendorStackCount`, `BuyPrice`, `SellPrice`, `RequiredSpell`, `MaxCount`, `Stackable`, `StatPercentEditor1`, `StatPercentEditor2`, `StatPercentEditor3`, `StatPercentEditor4`, `StatPercentEditor5`, `StatPercentEditor6`, `StatPercentEditor7`, `StatPercentEditor8`, `StatPercentEditor9`, `StatPercentEditor10`, `StatPercentageOfSocket1`, `StatPercentageOfSocket2`, `StatPercentageOfSocket3`, `StatPercentageOfSocket4`, `StatPercentageOfSocket5`, `StatPercentageOfSocket6`, `StatPercentageOfSocket7`, `StatPercentageOfSocket8`, `StatPercentageOfSocket9`, `StatPercentageOfSocket10`, `ItemRange`, `BagFamily`, `QualityModifier`, `DurationInInventory`, `DmgVariance`, `AllowableClass`, `ItemLevel`, `RequiredSkill`, `RequiredSkillRank`, `RequiredReputationFaction`, `ItemStatValue1`, `ItemStatValue2`, `ItemStatValue3`, `ItemStatValue4`, `ItemStatValue5`, `ItemStatValue6`, `ItemStatValue7`, `ItemStatValue8`, `ItemStatValue9`, `ItemStatValue10`, `ScalingStatDistribution`, `Delay`, `PageText`, `StartQuest`, `LockID`, `RandomProperty`, `RandomSuffix`, `ItemSet`, `Area`, `Map`, `TotemCategory`, `SocketBonus`, `GemProperties`, `ItemLimitCategory`, `HolidayID`, `RequiredTransmogHolidayID`, `ItemNameDescriptionID`, `Quality`, `InventoryType`, `RequiredLevel`, `RequiredHonorRank`, `RequiredCityRank`, `RequiredReputationRank`, `ContainerSlots`, `ItemStatType1`, `ItemStatType2`, `ItemStatType3`, `ItemStatType4`, `ItemStatType5`, `ItemStatType6`, `ItemStatType7`, `ItemStatType8`, `ItemStatType9`, `ItemStatType10`, `DamageType`, `Bonding`, `LanguageID`, `PageMaterial`, `Material`, `Sheath`, `SocketColor1`, `SocketColor2`, `SocketColor3`, `CurrencySubstitutionID`, `CurrencySubstitutionCount`, `ArtifactID`, `RequiredExpansion`, `VerifiedBuild`) VALUES (4000000, -1, 'Potion of ultimate Wisdom', NULL, NULL, NULL, 'Smells faintly of gnomes.', 32832, 8192, 0, 0, 0.9678, 1, 1, 0, 0, 0, 0, 20, 0, 0, 0, 0, 0, 0, 0, 0, 0, 0, 0, 0, 0, 0, 0, 0, 0, 0, 0, 0, 0, 0, 0, 0, 0, -1, 420, 0, 0, 0, 0, 0, 0, 0, 0, 0, 0, 0, 0, 0, 0, 0, 0, 0, 0, 0, 0, 0, 0, 0, 0, 0, 0, 0, 0, 0, 0, 6, 0, 1, 0, 0, 0, 0, -1, -1, -1, -1, -1, -1, -1, -1, -1, -1, 0, 0, 0, 0, 3, 0, 0, 0, 0, 0, 0, 0, 0, 4200);
DELETE FROM `item` WHERE `ID`=4000000;
INSERT INTO `item` (`ID`, `IconFileDataID`, `ClassID`, `SubclassID`, `SoundOverrideSubclass`, `Material`, `InventoryType`, `SheatheType`, `ItemGroupSoundsID`, `VerifiedBuild`) VALUES (4000000, 236883, 0, 8, -1, 3, 0, 0, 17, 4200);
DELETE FROM `item_effect` WHERE `ID`=4000000;
INSERT INTO `item_effect` (`ID`, `SpellID`, `CoolDownMSec`, `CategoryCoolDownMSec`, `Charges`, `SpellCategoryID`, `ChrSpecializationID`, `LegacySlotIndex`, `TriggerType`, `ItemID`, `VerifiedBuild`) VALUES (4000000, 4000000, 900000, -1, -1, 0, 0, 0, 0, 4000000, 4200);

REPLACE INTO legion_hotfixes.hotfix_data 									(`Id`		, `TableHash`	, `RecordID`, `Timestamp`	, `Deleted`	)
VALUES 																				(4000000	, 2442913102	, 4000000	, 0				, 0			),
																						(4000000	, 1344507586	, 4000000	, 0				, 0			),
																						(4000000	, 1073915313	, 4000000	, 0				, 0			);

-- XP Aura 10.000%
DELETE FROM `spell` WHERE `ID`=4000000;
INSERT INTO `spell` (`ID`, `Name`, `NameSubtext`, `Description`, `AuraDescription`, `VerifiedBuild`) VALUES (4000000, 'Ultimate XP Aura', '', 'Increases experience gain by $s1% for $d.', 'Experience gain increased by $s1%.', 4200);
DELETE FROM `spell_effect` WHERE `ID`=4000001;
INSERT INTO `spell_effect` (`ID`, `Effect`, `EffectBasePoints`, `EffectIndex`, `EffectAura`, `DifficultyID`, `EffectAmplitude`, `EffectAuraPeriod`, `EffectBonusCoefficient`, `EffectChainAmplitude`, `EffectChainTargets`, `EffectDieSides`, `EffectItemType`, `EffectMechanic`, `EffectPointsPerResource`, `EffectRealPointsPerLevel`, `EffectTriggerSpell`, `EffectPosFacing`, `EffectAttributes`, `BonusCoefficientFromAP`, `PvpMultiplier`, `Coefficient`, `Variance`, `ResourceCoefficient`, `GroupSizeBasePointsCoefficient`, `EffectSpellClassMask1`, `EffectSpellClassMask2`, `EffectSpellClassMask3`, `EffectSpellClassMask4`, `EffectMiscValue1`, `EffectMiscValue2`, `EffectRadiusIndex1`, `EffectRadiusIndex2`, `ImplicitTarget1`, `ImplicitTarget2`, `SpellID`, `VerifiedBuild`) VALUES (4000001, 6, 10000, 0, 291, 0, 0, 0, 0, 1, 0, 0, 0, 0, 0, 0, 0, 0, 0, 0, 1, 0, 0, 0, 1, 0, 0, 0, 0, 0, 0, 0, 0, 0, 0, 4000000, 4200);
DELETE FROM `spell_effect` WHERE `ID`=4000002;
INSERT INTO `spell_effect` (`ID`, `Effect`, `EffectBasePoints`, `EffectIndex`, `EffectAura`, `DifficultyID`, `EffectAmplitude`, `EffectAuraPeriod`, `EffectBonusCoefficient`, `EffectChainAmplitude`, `EffectChainTargets`, `EffectDieSides`, `EffectItemType`, `EffectMechanic`, `EffectPointsPerResource`, `EffectRealPointsPerLevel`, `EffectTriggerSpell`, `EffectPosFacing`, `EffectAttributes`, `BonusCoefficientFromAP`, `PvpMultiplier`, `Coefficient`, `Variance`, `ResourceCoefficient`, `GroupSizeBasePointsCoefficient`, `EffectSpellClassMask1`, `EffectSpellClassMask2`, `EffectSpellClassMask3`, `EffectSpellClassMask4`, `EffectMiscValue1`, `EffectMiscValue2`, `EffectRadiusIndex1`, `EffectRadiusIndex2`, `ImplicitTarget1`, `ImplicitTarget2`, `SpellID`, `VerifiedBuild`) VALUES (4000002, 6, 10000, 1, 200, 0, 0, 0, 0, 1, 0, 0, 0, 0, 0, 0, 0, 0, 0, 0, 1, 0, 0, 0, 1, 0, 0, 0, 0, 0, 0, 0, 0, 0, 0, 4000000, 4200);
DELETE FROM `spell_misc` WHERE `ID`=4000001;
INSERT INTO `spell_misc` (`ID`, `CastingTimeIndex`, `DurationIndex`, `RangeIndex`, `SchoolMask`, `SpellIconFileDataID`, `Speed`, `ActiveIconFileDataID`, `LaunchDelay`, `DifficultyID`, `Attributes1`, `Attributes2`, `Attributes3`, `Attributes4`, `Attributes5`, `Attributes6`, `Attributes7`, `Attributes8`, `Attributes9`, `Attributes10`, `Attributes11`, `Attributes12`, `Attributes13`, `Attributes14`, `SpellID`, `VerifiedBuild`) VALUES (4000001, 1, 42, 1, 1, 236883, 0, 0, 0, 0, 0, 2184, 0, 1048576, 0, 0, 0, 0, 0, 0, 0, 0, 0, 268435456, 4000000, 0);
DELETE FROM `spell_cooldowns` WHERE `ID`=4000001;
INSERT INTO `spell_cooldowns` (`ID`, `CategoryRecoveryTime`, `RecoveryTime`, `StartRecoveryTime`, `DifficultyID`, `SpellID`, `VerifiedBuild`) VALUES (4000001, 0, 1500, 0, 0, 4000000, 4200);
DELETE FROM `spell_x_spell_visual` WHERE `ID`=4000001;
INSERT INTO `spell_x_spell_visual` (`SpellVisualID`, `ID`, `Probability`, `CasterPlayerConditionID`, `CasterUnitConditionID`, `ViewerPlayerConditionID`, `ViewerUnitConditionID`, `SpellIconFileID`, `ActiveIconFileID`, `Flags`, `DifficultyID`, `Priority`, `SpellID`, `VerifiedBuild`) VALUES (27258, 4000001, 1, 0, 0, 0, 0, 0, 0, 0, 0, 0, 4000000, 4200);
DELETE FROM `spell_categories` WHERE `ID`=4000000;
INSERT INTO `spell_categories` (`ID`, `Category`, `StartRecoveryCategory`, `ChargeCategory`, `DifficultyID`, `DefenseType`, `DispelType`, `Mechanic`, `PreventionType`, `SpellID`, `VerifiedBuild`) VALUES (4000000, 133, 0, 0, 0, 0, 0, 0, 0, 4000000, 4200);

REPLACE INTO legion_hotfixes.hotfix_data 									(`Id`		, `TableHash`	, `RecordID`, `Timestamp`	, `Deleted`	)
VALUES 																				(4000000	, 3776013982	, 4000000	, 0				, 0			),
																						(4000001	, 4030871717	, 4000001	, 0				, 0			),
																						(4000002	, 4030871717	, 4000002	, 0				, 0			),
																						(4000001	, 3322146344	, 4000001	, 0				, 0			),
																						(4000001	, 4193483863	, 4000001	, 0				, 0			),
																						(4000001	, 666345498		, 4000001	, 0				, 0			),
																						(4000000	, 3689412649	, 4000000	, 0				, 0			);
																						
																						

-- XP Potion 1.000%
DELETE FROM `item_sparse` WHERE `ID`=4000001;
INSERT INTO `item_sparse` (`ID`, `AllowableRace`, `Display`, `Display1`, `Display2`, `Display3`, `Description`, `Flags1`, `Flags2`, `Flags3`, `Flags4`, `PriceRandomValue`, `PriceVariance`, `VendorStackCount`, `BuyPrice`, `SellPrice`, `RequiredAbility`, `MaxCount`, `Stackable`, `StatPercentEditor1`, `StatPercentEditor2`, `StatPercentEditor3`, `StatPercentEditor4`, `StatPercentEditor5`, `StatPercentEditor6`, `StatPercentEditor7`, `StatPercentEditor8`, `StatPercentEditor9`, `StatPercentEditor10`, `StatPercentageOfSocket1`, `StatPercentageOfSocket2`, `StatPercentageOfSocket3`, `StatPercentageOfSocket4`, `StatPercentageOfSocket5`, `StatPercentageOfSocket6`, `StatPercentageOfSocket7`, `StatPercentageOfSocket8`, `StatPercentageOfSocket9`, `StatPercentageOfSocket10`, `ItemRange`, `BagFamily`, `QualityModifier`, `DurationInInventory`, `DmgVariance`, `AllowableClass`, `ItemLevel`, `RequiredSkill`, `RequiredSkillRank`, `MinFactionID`, `ItemStatValue1`, `ItemStatValue2`, `ItemStatValue3`, `ItemStatValue4`, `ItemStatValue5`, `ItemStatValue6`, `ItemStatValue7`, `ItemStatValue8`, `ItemStatValue9`, `ItemStatValue10`, `ScalingStatDistributionID`, `ItemDelay`, `PageID`, `StartQuestID`, `LockID`, `RandomSelect`, `ItemRandomSuffixGroupID`, `ItemSet`, `ZoneBound`, `InstanceBound`, `TotemCategoryID`, `SocketMatch_enchantment_id`, `GemProperties`, `LimitCategory`, `RequiredHoliday`, `RequiredTransmogHoliday`, `ItemNameDescriptionID`, `OverallQualityID`, `InventoryType`, `RequiredLevel`, `RequiredPVPRank`, `RequiredPVPMedal`, `MinReputation`, `ContainerSlots`, `StatModifierBonusStat1`, `StatModifierBonusStat2`, `StatModifierBonusStat3`, `StatModifierBonusStat4`, `StatModifierBonusStat5`, `StatModifierBonusStat6`, `StatModifierBonusStat7`, `StatModifierBonusStat8`, `StatModifierBonusStat9`, `StatModifierBonusStat10`, `DamageDamageType`, `Bonding`, `LanguageID`, `PageMaterialID`, `Material`, `SheatheType`, `SocketType1`, `SocketType2`, `SocketType3`, `SpellWeightCategory`, `SpellWeight`, `ArtifactID`, `ExpansionID`, `VerifiedBuild`) VALUES (4000001, -1, 'Potion of greater Wisdom', NULL, NULL, NULL, 'Smells faintly of gnomes.', 32832, 8192, 0, 0, 0.9678, 1, 1, 0, 0, 0, 0, 20, 0, 0, 0, 0, 0, 0, 0, 0, 0, 0, 0, 0, 0, 0, 0, 0, 0, 0, 0, 0, 0, 0, 0, 0, 0, -1, 420, 0, 0, 0, 0, 0, 0, 0, 0, 0, 0, 0, 0, 0, 0, 0, 0, 0, 0, 0, 0, 0, 0, 0, 0, 0, 0, 0, 0, 0, 0, 5, 0, 1, 0, 0, 0, 0, -1, -1, -1, -1, -1, -1, -1, -1, -1, -1, 0, 0, 0, 0, 3, 0, 0, 0, 0, 0, 0, 0, 0, 4200);
DELETE FROM `itemsparse` WHERE `ID`=4000001;
INSERT INTO `itemsparse` (`ID`, `AllowableRace`, `Name1`, `Name2`, `Name3`, `Name4`, `Description`, `Flags1`, `Flags2`, `Flags3`, `Flags4`, `PriceRandomValue`, `PriceVariance`, `VendorStackCount`, `BuyPrice`, `SellPrice`, `RequiredSpell`, `MaxCount`, `Stackable`, `StatPercentEditor1`, `StatPercentEditor2`, `StatPercentEditor3`, `StatPercentEditor4`, `StatPercentEditor5`, `StatPercentEditor6`, `StatPercentEditor7`, `StatPercentEditor8`, `StatPercentEditor9`, `StatPercentEditor10`, `StatPercentageOfSocket1`, `StatPercentageOfSocket2`, `StatPercentageOfSocket3`, `StatPercentageOfSocket4`, `StatPercentageOfSocket5`, `StatPercentageOfSocket6`, `StatPercentageOfSocket7`, `StatPercentageOfSocket8`, `StatPercentageOfSocket9`, `StatPercentageOfSocket10`, `ItemRange`, `BagFamily`, `QualityModifier`, `DurationInInventory`, `DmgVariance`, `AllowableClass`, `ItemLevel`, `RequiredSkill`, `RequiredSkillRank`, `RequiredReputationFaction`, `ItemStatValue1`, `ItemStatValue2`, `ItemStatValue3`, `ItemStatValue4`, `ItemStatValue5`, `ItemStatValue6`, `ItemStatValue7`, `ItemStatValue8`, `ItemStatValue9`, `ItemStatValue10`, `ScalingStatDistribution`, `Delay`, `PageText`, `StartQuest`, `LockID`, `RandomProperty`, `RandomSuffix`, `ItemSet`, `Area`, `Map`, `TotemCategory`, `SocketBonus`, `GemProperties`, `ItemLimitCategory`, `HolidayID`, `RequiredTransmogHolidayID`, `ItemNameDescriptionID`, `Quality`, `InventoryType`, `RequiredLevel`, `RequiredHonorRank`, `RequiredCityRank`, `RequiredReputationRank`, `ContainerSlots`, `ItemStatType1`, `ItemStatType2`, `ItemStatType3`, `ItemStatType4`, `ItemStatType5`, `ItemStatType6`, `ItemStatType7`, `ItemStatType8`, `ItemStatType9`, `ItemStatType10`, `DamageType`, `Bonding`, `LanguageID`, `PageMaterial`, `Material`, `Sheath`, `SocketColor1`, `SocketColor2`, `SocketColor3`, `CurrencySubstitutionID`, `CurrencySubstitutionCount`, `ArtifactID`, `RequiredExpansion`, `VerifiedBuild`) VALUES (4000001, -1, 'Potion of greater Wisdom', NULL, NULL, NULL, 'Smells faintly of gnomes.', 32832, 8192, 0, 0, 0.9678, 1, 1, 0, 0, 0, 0, 20, 0, 0, 0, 0, 0, 0, 0, 0, 0, 0, 0, 0, 0, 0, 0, 0, 0, 0, 0, 0, 0, 0, 0, 0, 0, -1, 420, 0, 0, 0, 0, 0, 0, 0, 0, 0, 0, 0, 0, 0, 0, 0, 0, 0, 0, 0, 0, 0, 0, 0, 0, 0, 0, 0, 0, 0, 0, 5, 0, 1, 0, 0, 0, 0, -1, -1, -1, -1, -1, -1, -1, -1, -1, -1, 0, 0, 0, 0, 3, 0, 0, 0, 0, 0, 0, 0, 0, 4200);
DELETE FROM `item` WHERE `ID`=4000001;
INSERT INTO `item` (`ID`, `IconFileDataID`, `ClassID`, `SubclassID`, `SoundOverrideSubclass`, `Material`, `InventoryType`, `SheatheType`, `ItemGroupSoundsID`, `VerifiedBuild`) VALUES (4000001, 236883, 0, 8, -1, 3, 0, 0, 17, 4200);
DELETE FROM `item_effect` WHERE `ID`=4000001;
INSERT INTO `item_effect` (`ID`, `SpellID`, `CoolDownMSec`, `CategoryCoolDownMSec`, `Charges`, `SpellCategoryID`, `ChrSpecializationID`, `LegacySlotIndex`, `TriggerType`, `ItemID`, `VerifiedBuild`) VALUES (4000001, 4000001, 900000, -1, -1, 0, 0, 0, 0, 4000001, 4200);

REPLACE INTO legion_hotfixes.hotfix_data 									(`Id`		, `TableHash`	, `RecordID`, `Timestamp`	, `Deleted`	)
VALUES 																				(4000001	, 2442913102	, 4000001	, 0				, 0			),
																						(4000001	, 1344507586	, 4000001	, 0				, 0			),
																						(4000001	, 1073915313	, 4000001	, 0				, 0			);

-- XP Aura 1.000%
DELETE FROM `spell` WHERE `ID`=4000001;
INSERT INTO `spell` (`ID`, `Name`, `NameSubtext`, `Description`, `AuraDescription`, `VerifiedBuild`) VALUES (4000001, 'Greater XP Aura', '', 'Increases experience gain by $s1% for $d.', 'Experience gain increased by $s1%.', 4200);
DELETE FROM `spell_effect` WHERE `ID`=4000003;
INSERT INTO `spell_effect` (`ID`, `Effect`, `EffectBasePoints`, `EffectIndex`, `EffectAura`, `DifficultyID`, `EffectAmplitude`, `EffectAuraPeriod`, `EffectBonusCoefficient`, `EffectChainAmplitude`, `EffectChainTargets`, `EffectDieSides`, `EffectItemType`, `EffectMechanic`, `EffectPointsPerResource`, `EffectRealPointsPerLevel`, `EffectTriggerSpell`, `EffectPosFacing`, `EffectAttributes`, `BonusCoefficientFromAP`, `PvpMultiplier`, `Coefficient`, `Variance`, `ResourceCoefficient`, `GroupSizeBasePointsCoefficient`, `EffectSpellClassMask1`, `EffectSpellClassMask2`, `EffectSpellClassMask3`, `EffectSpellClassMask4`, `EffectMiscValue1`, `EffectMiscValue2`, `EffectRadiusIndex1`, `EffectRadiusIndex2`, `ImplicitTarget1`, `ImplicitTarget2`, `SpellID`, `VerifiedBuild`) VALUES (4000003, 6, 1000, 0, 291, 0, 0, 0, 0, 1, 0, 0, 0, 0, 0, 0, 0, 0, 0, 0, 1, 0, 0, 0, 1, 0, 0, 0, 0, 0, 0, 0, 0, 0, 0, 4000001, 4200);
DELETE FROM `spell_effect` WHERE `ID`=4000004;
INSERT INTO `spell_effect` (`ID`, `Effect`, `EffectBasePoints`, `EffectIndex`, `EffectAura`, `DifficultyID`, `EffectAmplitude`, `EffectAuraPeriod`, `EffectBonusCoefficient`, `EffectChainAmplitude`, `EffectChainTargets`, `EffectDieSides`, `EffectItemType`, `EffectMechanic`, `EffectPointsPerResource`, `EffectRealPointsPerLevel`, `EffectTriggerSpell`, `EffectPosFacing`, `EffectAttributes`, `BonusCoefficientFromAP`, `PvpMultiplier`, `Coefficient`, `Variance`, `ResourceCoefficient`, `GroupSizeBasePointsCoefficient`, `EffectSpellClassMask1`, `EffectSpellClassMask2`, `EffectSpellClassMask3`, `EffectSpellClassMask4`, `EffectMiscValue1`, `EffectMiscValue2`, `EffectRadiusIndex1`, `EffectRadiusIndex2`, `ImplicitTarget1`, `ImplicitTarget2`, `SpellID`, `VerifiedBuild`) VALUES (4000004, 6, 1000, 1, 200, 0, 0, 0, 0, 1, 0, 0, 0, 0, 0, 0, 0, 0, 0, 0, 1, 0, 0, 0, 1, 0, 0, 0, 0, 0, 0, 0, 0, 0, 0, 4000001, 4200);
DELETE FROM `spell_misc` WHERE `ID`=4000002;
INSERT INTO `spell_misc` (`ID`, `CastingTimeIndex`, `DurationIndex`, `RangeIndex`, `SchoolMask`, `SpellIconFileDataID`, `Speed`, `ActiveIconFileDataID`, `LaunchDelay`, `DifficultyID`, `Attributes1`, `Attributes2`, `Attributes3`, `Attributes4`, `Attributes5`, `Attributes6`, `Attributes7`, `Attributes8`, `Attributes9`, `Attributes10`, `Attributes11`, `Attributes12`, `Attributes13`, `Attributes14`, `SpellID`, `VerifiedBuild`) VALUES (4000002, 1, 42, 1, 1, 236883, 0, 0, 0, 0, 0, 2184, 0, 1048576, 0, 0, 0, 0, 0, 0, 0, 0, 0, 268435456, 4000001, 0);
DELETE FROM `spell_cooldowns` WHERE `ID`=4000002;
INSERT INTO `spell_cooldowns` (`ID`, `CategoryRecoveryTime`, `RecoveryTime`, `StartRecoveryTime`, `DifficultyID`, `SpellID`, `VerifiedBuild`) VALUES (4000002, 0, 1500, 0, 0, 4000001, 4200);
DELETE FROM `spell_x_spell_visual` WHERE `ID`=4000002;
INSERT INTO `spell_x_spell_visual` (`SpellVisualID`, `ID`, `Probability`, `CasterPlayerConditionID`, `CasterUnitConditionID`, `ViewerPlayerConditionID`, `ViewerUnitConditionID`, `SpellIconFileID`, `ActiveIconFileID`, `Flags`, `DifficultyID`, `Priority`, `SpellID`, `VerifiedBuild`) VALUES (27258, 4000002, 1, 0, 0, 0, 0, 0, 0, 0, 0, 0, 4000001, 4200);
DELETE FROM `spell_categories` WHERE `ID`=4000001;
INSERT INTO `spell_categories` (`ID`, `Category`, `StartRecoveryCategory`, `ChargeCategory`, `DifficultyID`, `DefenseType`, `DispelType`, `Mechanic`, `PreventionType`, `SpellID`, `VerifiedBuild`) VALUES (4000001, 133, 0, 0, 0, 0, 0, 0, 0, 4000001, 4200);

REPLACE INTO legion_hotfixes.hotfix_data 									(`Id`		, `TableHash`	, `RecordID`, `Timestamp`	, `Deleted`	)
VALUES 																				(4000001	, 3776013982	, 4000001	, 0				, 0			),
																						(4000003	, 4030871717	, 4000003	, 0				, 0			),
																						(4000004	, 4030871717	, 4000004	, 0				, 0			),
																						(4000002	, 3322146344	, 4000002	, 0				, 0			),
																						(4000002	, 4193483863	, 4000002	, 0				, 0			),
																						(4000002	, 666345498		, 4000002	, 0				, 0			),
																						(4000001	, 3689412649	, 4000001	, 0				, 0			);



-- XP Potion 420%
DELETE FROM `item_sparse` WHERE `ID`=4000002;
INSERT INTO `item_sparse` (`ID`, `AllowableRace`, `Display`, `Display1`, `Display2`, `Display3`, `Description`, `Flags1`, `Flags2`, `Flags3`, `Flags4`, `PriceRandomValue`, `PriceVariance`, `VendorStackCount`, `BuyPrice`, `SellPrice`, `RequiredAbility`, `MaxCount`, `Stackable`, `StatPercentEditor1`, `StatPercentEditor2`, `StatPercentEditor3`, `StatPercentEditor4`, `StatPercentEditor5`, `StatPercentEditor6`, `StatPercentEditor7`, `StatPercentEditor8`, `StatPercentEditor9`, `StatPercentEditor10`, `StatPercentageOfSocket1`, `StatPercentageOfSocket2`, `StatPercentageOfSocket3`, `StatPercentageOfSocket4`, `StatPercentageOfSocket5`, `StatPercentageOfSocket6`, `StatPercentageOfSocket7`, `StatPercentageOfSocket8`, `StatPercentageOfSocket9`, `StatPercentageOfSocket10`, `ItemRange`, `BagFamily`, `QualityModifier`, `DurationInInventory`, `DmgVariance`, `AllowableClass`, `ItemLevel`, `RequiredSkill`, `RequiredSkillRank`, `MinFactionID`, `ItemStatValue1`, `ItemStatValue2`, `ItemStatValue3`, `ItemStatValue4`, `ItemStatValue5`, `ItemStatValue6`, `ItemStatValue7`, `ItemStatValue8`, `ItemStatValue9`, `ItemStatValue10`, `ScalingStatDistributionID`, `ItemDelay`, `PageID`, `StartQuestID`, `LockID`, `RandomSelect`, `ItemRandomSuffixGroupID`, `ItemSet`, `ZoneBound`, `InstanceBound`, `TotemCategoryID`, `SocketMatch_enchantment_id`, `GemProperties`, `LimitCategory`, `RequiredHoliday`, `RequiredTransmogHoliday`, `ItemNameDescriptionID`, `OverallQualityID`, `InventoryType`, `RequiredLevel`, `RequiredPVPRank`, `RequiredPVPMedal`, `MinReputation`, `ContainerSlots`, `StatModifierBonusStat1`, `StatModifierBonusStat2`, `StatModifierBonusStat3`, `StatModifierBonusStat4`, `StatModifierBonusStat5`, `StatModifierBonusStat6`, `StatModifierBonusStat7`, `StatModifierBonusStat8`, `StatModifierBonusStat9`, `StatModifierBonusStat10`, `DamageDamageType`, `Bonding`, `LanguageID`, `PageMaterialID`, `Material`, `SheatheType`, `SocketType1`, `SocketType2`, `SocketType3`, `SpellWeightCategory`, `SpellWeight`, `ArtifactID`, `ExpansionID`, `VerifiedBuild`) VALUES (4000002, -1, 'Potion of Wisdom', NULL, NULL, NULL, 'Smells faintly of gnomes.', 32832, 8192, 0, 0, 0.9678, 1, 1, 0, 0, 0, 0, 20, 0, 0, 0, 0, 0, 0, 0, 0, 0, 0, 0, 0, 0, 0, 0, 0, 0, 0, 0, 0, 0, 0, 0, 0, 0, -1, 420, 0, 0, 0, 0, 0, 0, 0, 0, 0, 0, 0, 0, 0, 0, 0, 0, 0, 0, 0, 0, 0, 0, 0, 0, 0, 0, 0, 0, 0, 0, 4, 0, 1, 0, 0, 0, 0, -1, -1, -1, -1, -1, -1, -1, -1, -1, -1, 0, 0, 0, 0, 3, 0, 0, 0, 0, 0, 0, 0, 0, 4200);
DELETE FROM `itemsparse` WHERE `ID`=4000002;
INSERT INTO `itemsparse` (`ID`, `AllowableRace`, `Name1`, `Name2`, `Name3`, `Name4`, `Description`, `Flags1`, `Flags2`, `Flags3`, `Flags4`, `PriceRandomValue`, `PriceVariance`, `VendorStackCount`, `BuyPrice`, `SellPrice`, `RequiredSpell`, `MaxCount`, `Stackable`, `StatPercentEditor1`, `StatPercentEditor2`, `StatPercentEditor3`, `StatPercentEditor4`, `StatPercentEditor5`, `StatPercentEditor6`, `StatPercentEditor7`, `StatPercentEditor8`, `StatPercentEditor9`, `StatPercentEditor10`, `StatPercentageOfSocket1`, `StatPercentageOfSocket2`, `StatPercentageOfSocket3`, `StatPercentageOfSocket4`, `StatPercentageOfSocket5`, `StatPercentageOfSocket6`, `StatPercentageOfSocket7`, `StatPercentageOfSocket8`, `StatPercentageOfSocket9`, `StatPercentageOfSocket10`, `ItemRange`, `BagFamily`, `QualityModifier`, `DurationInInventory`, `DmgVariance`, `AllowableClass`, `ItemLevel`, `RequiredSkill`, `RequiredSkillRank`, `RequiredReputationFaction`, `ItemStatValue1`, `ItemStatValue2`, `ItemStatValue3`, `ItemStatValue4`, `ItemStatValue5`, `ItemStatValue6`, `ItemStatValue7`, `ItemStatValue8`, `ItemStatValue9`, `ItemStatValue10`, `ScalingStatDistribution`, `Delay`, `PageText`, `StartQuest`, `LockID`, `RandomProperty`, `RandomSuffix`, `ItemSet`, `Area`, `Map`, `TotemCategory`, `SocketBonus`, `GemProperties`, `ItemLimitCategory`, `HolidayID`, `RequiredTransmogHolidayID`, `ItemNameDescriptionID`, `Quality`, `InventoryType`, `RequiredLevel`, `RequiredHonorRank`, `RequiredCityRank`, `RequiredReputationRank`, `ContainerSlots`, `ItemStatType1`, `ItemStatType2`, `ItemStatType3`, `ItemStatType4`, `ItemStatType5`, `ItemStatType6`, `ItemStatType7`, `ItemStatType8`, `ItemStatType9`, `ItemStatType10`, `DamageType`, `Bonding`, `LanguageID`, `PageMaterial`, `Material`, `Sheath`, `SocketColor1`, `SocketColor2`, `SocketColor3`, `CurrencySubstitutionID`, `CurrencySubstitutionCount`, `ArtifactID`, `RequiredExpansion`, `VerifiedBuild`) VALUES (4000002, -1, 'Potion of Wisdom', NULL, NULL, NULL, 'Smells faintly of gnomes.', 32832, 8192, 0, 0, 0.9678, 1, 1, 0, 0, 0, 0, 20, 0, 0, 0, 0, 0, 0, 0, 0, 0, 0, 0, 0, 0, 0, 0, 0, 0, 0, 0, 0, 0, 0, 0, 0, 0, -1, 420, 0, 0, 0, 0, 0, 0, 0, 0, 0, 0, 0, 0, 0, 0, 0, 0, 0, 0, 0, 0, 0, 0, 0, 0, 0, 0, 0, 0, 0, 0, 4, 0, 1, 0, 0, 0, 0, -1, -1, -1, -1, -1, -1, -1, -1, -1, -1, 0, 0, 0, 0, 3, 0, 0, 0, 0, 0, 0, 0, 0, 4200);
DELETE FROM `item` WHERE `ID`=4000002;
INSERT INTO `item` (`ID`, `IconFileDataID`, `ClassID`, `SubclassID`, `SoundOverrideSubclass`, `Material`, `InventoryType`, `SheatheType`, `ItemGroupSoundsID`, `VerifiedBuild`) VALUES (4000002, 236883, 0, 8, -1, 3, 0, 0, 17, 4200);
DELETE FROM `item_effect` WHERE `ID`=4000002;
INSERT INTO `item_effect` (`ID`, `SpellID`, `CoolDownMSec`, `CategoryCoolDownMSec`, `Charges`, `SpellCategoryID`, `ChrSpecializationID`, `LegacySlotIndex`, `TriggerType`, `ItemID`, `VerifiedBuild`) VALUES (4000002, 4000002, 900000, -1, -1, 0, 0, 0, 0, 4000002, 4200);

REPLACE INTO legion_hotfixes.hotfix_data 									(`Id`		, `TableHash`	, `RecordID`, `Timestamp`	, `Deleted`	)
VALUES 																				(4000002	, 2442913102	, 4000002	, 0				, 0			),
																						(4000002	, 1344507586	, 4000002	, 0				, 0			),
																						(4000002	, 1073915313	, 4000002	, 0				, 0			);

-- XP Aura 420%
DELETE FROM `spell` WHERE `ID`=4000002;
INSERT INTO `spell` (`ID`, `Name`, `NameSubtext`, `Description`, `AuraDescription`, `VerifiedBuild`) VALUES (4000002, 'XP Aura', '', 'Increases experience gain by $s1% for $d.', 'Experience gain increased by $s1%.', 4200);
DELETE FROM `spell_effect` WHERE `ID`=4000005;
INSERT INTO `spell_effect` (`ID`, `Effect`, `EffectBasePoints`, `EffectIndex`, `EffectAura`, `DifficultyID`, `EffectAmplitude`, `EffectAuraPeriod`, `EffectBonusCoefficient`, `EffectChainAmplitude`, `EffectChainTargets`, `EffectDieSides`, `EffectItemType`, `EffectMechanic`, `EffectPointsPerResource`, `EffectRealPointsPerLevel`, `EffectTriggerSpell`, `EffectPosFacing`, `EffectAttributes`, `BonusCoefficientFromAP`, `PvpMultiplier`, `Coefficient`, `Variance`, `ResourceCoefficient`, `GroupSizeBasePointsCoefficient`, `EffectSpellClassMask1`, `EffectSpellClassMask2`, `EffectSpellClassMask3`, `EffectSpellClassMask4`, `EffectMiscValue1`, `EffectMiscValue2`, `EffectRadiusIndex1`, `EffectRadiusIndex2`, `ImplicitTarget1`, `ImplicitTarget2`, `SpellID`, `VerifiedBuild`) VALUES (4000005, 6, 420, 0, 291, 0, 0, 0, 0, 1, 0, 0, 0, 0, 0, 0, 0, 0, 0, 0, 1, 0, 0, 0, 1, 0, 0, 0, 0, 0, 0, 0, 0, 0, 0, 4000002, 4200);
DELETE FROM `spell_effect` WHERE `ID`=4000006;
INSERT INTO `spell_effect` (`ID`, `Effect`, `EffectBasePoints`, `EffectIndex`, `EffectAura`, `DifficultyID`, `EffectAmplitude`, `EffectAuraPeriod`, `EffectBonusCoefficient`, `EffectChainAmplitude`, `EffectChainTargets`, `EffectDieSides`, `EffectItemType`, `EffectMechanic`, `EffectPointsPerResource`, `EffectRealPointsPerLevel`, `EffectTriggerSpell`, `EffectPosFacing`, `EffectAttributes`, `BonusCoefficientFromAP`, `PvpMultiplier`, `Coefficient`, `Variance`, `ResourceCoefficient`, `GroupSizeBasePointsCoefficient`, `EffectSpellClassMask1`, `EffectSpellClassMask2`, `EffectSpellClassMask3`, `EffectSpellClassMask4`, `EffectMiscValue1`, `EffectMiscValue2`, `EffectRadiusIndex1`, `EffectRadiusIndex2`, `ImplicitTarget1`, `ImplicitTarget2`, `SpellID`, `VerifiedBuild`) VALUES (4000006, 6, 420, 1, 200, 0, 0, 0, 0, 1, 0, 0, 0, 0, 0, 0, 0, 0, 0, 0, 1, 0, 0, 0, 1, 0, 0, 0, 0, 0, 0, 0, 0, 0, 0, 4000002, 4200);
DELETE FROM `spell_misc` WHERE `ID`=4000003;
INSERT INTO `spell_misc` (`ID`, `CastingTimeIndex`, `DurationIndex`, `RangeIndex`, `SchoolMask`, `SpellIconFileDataID`, `Speed`, `ActiveIconFileDataID`, `LaunchDelay`, `DifficultyID`, `Attributes1`, `Attributes2`, `Attributes3`, `Attributes4`, `Attributes5`, `Attributes6`, `Attributes7`, `Attributes8`, `Attributes9`, `Attributes10`, `Attributes11`, `Attributes12`, `Attributes13`, `Attributes14`, `SpellID`, `VerifiedBuild`) VALUES (4000003, 1, 42, 1, 1, 236883, 0, 0, 0, 0, 0, 2184, 0, 1048576, 0, 0, 0, 0, 0, 0, 0, 0, 0, 268435456, 4000002, 0);
DELETE FROM `spell_cooldowns` WHERE `ID`=4000003;
INSERT INTO `spell_cooldowns` (`ID`, `CategoryRecoveryTime`, `RecoveryTime`, `StartRecoveryTime`, `DifficultyID`, `SpellID`, `VerifiedBuild`) VALUES (4000003, 0, 1500, 0, 0, 4000002, 4200);
DELETE FROM `spell_x_spell_visual` WHERE `ID`=4000003;
INSERT INTO `spell_x_spell_visual` (`SpellVisualID`, `ID`, `Probability`, `CasterPlayerConditionID`, `CasterUnitConditionID`, `ViewerPlayerConditionID`, `ViewerUnitConditionID`, `SpellIconFileID`, `ActiveIconFileID`, `Flags`, `DifficultyID`, `Priority`, `SpellID`, `VerifiedBuild`) VALUES (27258, 4000003, 1, 0, 0, 0, 0, 0, 0, 0, 0, 0, 4000002, 4200);
DELETE FROM `spell_categories` WHERE `ID`=4000002;
INSERT INTO `spell_categories` (`ID`, `Category`, `StartRecoveryCategory`, `ChargeCategory`, `DifficultyID`, `DefenseType`, `DispelType`, `Mechanic`, `PreventionType`, `SpellID`, `VerifiedBuild`) VALUES (4000002, 133, 0, 0, 0, 0, 0, 0, 0, 4000002, 4200);

REPLACE INTO legion_hotfixes.hotfix_data 									(`Id`		, `TableHash`	, `RecordID`, `Timestamp`	, `Deleted`	)
VALUES 																				(4000002	, 3776013982	, 4000002	, 0				, 0			),
																						(4000005	, 4030871717	, 4000005	, 0				, 0			),
																						(4000006	, 4030871717	, 4000006	, 0				, 0			),
																						(4000003	, 3322146344	, 4000003	, 0				, 0			),
																						(4000003	, 4193483863	, 4000003	, 0				, 0			),
																						(4000003	, 666345498		, 4000003	, 0				, 0			),
																						(4000002	, 3689412649	, 4000002	, 0				, 0			);
