/* Creature */
DELETE FROM `gossip_menu` WHERE `Entry` IN ('1001001','1001002','1001003','1001004','1001005','1001006');
INSERT INTO `gossip_menu` (`Entry`, `TextID`, `FriendshipFactionID`) VALUES ('1001001', '1001001', '0');
INSERT INTO `gossip_menu` (`Entry`, `TextID`, `FriendshipFactionID`) VALUES ('1001002', '1001002', '0');
INSERT INTO `gossip_menu` (`Entry`, `TextID`, `FriendshipFactionID`) VALUES ('1001003', '1001003', '0');
INSERT INTO `gossip_menu` (`Entry`, `TextID`, `FriendshipFactionID`) VALUES ('1001004', '1001004', '0');
INSERT INTO `gossip_menu` (`Entry`, `TextID`, `FriendshipFactionID`) VALUES ('1001005', '1001005', '0');
INSERT INTO `gossip_menu` (`Entry`, `TextID`, `FriendshipFactionID`) VALUES ('1001006', '1001006', '0');

DELETE FROM `npc_text` WHERE `ID` IN ('1001001','1001002','1001003','1001004','1001005','1001006');
INSERT INTO `npc_text` (`ID`, `Probability0`, `Probability1`, `Probability2`, `Probability3`, `Probability4`, `Probability5`, `Probability6`, `Probability7`, `BroadcastTextID0`, `BroadcastTextID1`, `BroadcastTextID2`, `BroadcastTextID3`, `BroadcastTextID4`, `BroadcastTextID5`, `BroadcastTextID6`, `BroadcastTextID7`, `VerifiedBuild`) VALUES ('1001001', '0', '0', '0', '0', '0', '0', '0', '0', '1001001', '0', '0', '0', '0', '0', '0', '0', '0');
INSERT INTO `npc_text` (`ID`, `Probability0`, `Probability1`, `Probability2`, `Probability3`, `Probability4`, `Probability5`, `Probability6`, `Probability7`, `BroadcastTextID0`, `BroadcastTextID1`, `BroadcastTextID2`, `BroadcastTextID3`, `BroadcastTextID4`, `BroadcastTextID5`, `BroadcastTextID6`, `BroadcastTextID7`, `VerifiedBuild`) VALUES ('1001002', '0', '0', '0', '0', '0', '0', '0', '0', '1001002', '0', '0', '0', '0', '0', '0', '0', '0');
INSERT INTO `npc_text` (`ID`, `Probability0`, `Probability1`, `Probability2`, `Probability3`, `Probability4`, `Probability5`, `Probability6`, `Probability7`, `BroadcastTextID0`, `BroadcastTextID1`, `BroadcastTextID2`, `BroadcastTextID3`, `BroadcastTextID4`, `BroadcastTextID5`, `BroadcastTextID6`, `BroadcastTextID7`, `VerifiedBuild`) VALUES ('1001003', '0', '0', '0', '0', '0', '0', '0', '0', '1001003', '0', '0', '0', '0', '0', '0', '0', '0');
INSERT INTO `npc_text` (`ID`, `Probability0`, `Probability1`, `Probability2`, `Probability3`, `Probability4`, `Probability5`, `Probability6`, `Probability7`, `BroadcastTextID0`, `BroadcastTextID1`, `BroadcastTextID2`, `BroadcastTextID3`, `BroadcastTextID4`, `BroadcastTextID5`, `BroadcastTextID6`, `BroadcastTextID7`, `VerifiedBuild`) VALUES ('1001004', '0', '0', '0', '0', '0', '0', '0', '0', '1001004', '0', '0', '0', '0', '0', '0', '0', '0');
INSERT INTO `npc_text` (`ID`, `Probability0`, `Probability1`, `Probability2`, `Probability3`, `Probability4`, `Probability5`, `Probability6`, `Probability7`, `BroadcastTextID0`, `BroadcastTextID1`, `BroadcastTextID2`, `BroadcastTextID3`, `BroadcastTextID4`, `BroadcastTextID5`, `BroadcastTextID6`, `BroadcastTextID7`, `VerifiedBuild`) VALUES ('1001005', '0', '0', '0', '0', '0', '0', '0', '0', '1001005', '0', '0', '0', '0', '0', '0', '0', '0');
INSERT INTO `npc_text` (`ID`, `Probability0`, `Probability1`, `Probability2`, `Probability3`, `Probability4`, `Probability5`, `Probability6`, `Probability7`, `BroadcastTextID0`, `BroadcastTextID1`, `BroadcastTextID2`, `BroadcastTextID3`, `BroadcastTextID4`, `BroadcastTextID5`, `BroadcastTextID6`, `BroadcastTextID7`, `VerifiedBuild`) VALUES ('1001006', '0', '0', '0', '0', '0', '0', '0', '0', '1001006', '0', '0', '0', '0', '0', '0', '0', '0');

DELETE FROM `gossip_menu_option` WHERE `MenuID` IN ('1001001','1001002','1001003');
INSERT INTO `gossip_menu_option` (`MenuID`, `OptionIndex`, `OptionNPC`, `OptionText`, `OptionType`, `OptionNpcflag`, `OptionNpcflag2`, `ActionMenuID`, `ActionPoiID`, `BoxCoded`, `BoxMoney`, `BoxCurrency`, `BoxText`, `OptionBroadcastTextID`, `BoxBroadcastTextID`, `VerifiedBuild`) VALUES ('1001001', '1', '0', 'Creo estar listo, por favor hecha un vistazo a mi armadura.', '1', '1', '0', '0', '0', '0', '0', '0', '', '0', '0', '0');
INSERT INTO `gossip_menu_option` (`MenuID`, `OptionIndex`, `OptionNPC`, `OptionText`, `OptionType`, `OptionNpcflag`, `OptionNpcflag2`, `ActionMenuID`, `ActionPoiID`, `BoxCoded`, `BoxMoney`, `BoxCurrency`, `BoxText`, `OptionBroadcastTextID`, `BoxBroadcastTextID`, `VerifiedBuild`) VALUES ('1001002', '2', '0', 'Explicame en que consiste este torneo.', '1', '1', '0', '1001003', '0', '0', '0', '0', NULL, '0', '0', '0');
INSERT INTO `gossip_menu_option` (`MenuID`, `OptionIndex`, `OptionNPC`, `OptionText`, `OptionType`, `OptionNpcflag`, `OptionNpcflag2`, `ActionMenuID`, `ActionPoiID`, `BoxCoded`, `BoxMoney`, `BoxCurrency`, `BoxText`, `OptionBroadcastTextID`, `BoxBroadcastTextID`, `VerifiedBuild`) VALUES ('1001002', '3', '9', 'Si, suscribeme para el Torneo de Sangre y Vida en mi especializacion actual.', '1', '1', '0', '0', '0', '0', '10000000', '0', '¿Estás en la especializacion con la cual quieres participar y de acuerdo en pagar la inscripción ?', '0', '0', '0');
INSERT INTO `gossip_menu_option` (`MenuID`, `OptionIndex`, `OptionNPC`, `OptionText`, `OptionType`, `OptionNpcflag`, `OptionNpcflag2`, `ActionMenuID`, `ActionPoiID`, `BoxCoded`, `BoxMoney`, `BoxCurrency`, `BoxText`, `OptionBroadcastTextID`, `BoxBroadcastTextID`, `VerifiedBuild`) VALUES ('1001003', '1', '0', 'Atras.', '1', '1', '0', '0', '0', '0', '0', '0', '', '0', '0', '0');

DELETE FROM `creature_template_wdb` WHERE `Entry` IN ('1001001','1001002');
INSERT INTO `creature_template_wdb` (`Entry`, `Name1`, `Name2`, `Name3`, `Name4`, `NameAlt1`, `NameAlt2`, `NameAlt3`, `NameAlt4`, `Title`, `TitleAlt`, `CursorName`, `TypeFlags`, `TypeFlags2`, `Type`, `Family`, `Classification`, `KillCredit1`, `KillCredit2`, `VignetteID`, `Displayid1`, `Displayid2`, `Displayid3`, `Displayid4`, `HpMulti`, `PowerMulti`, `Leader`, `QuestItem1`, `QuestItem2`, `QuestItem3`, `QuestItem4`, `QuestItem5`, `QuestItem6`, `QuestItem7`, `QuestItem8`, `QuestItem9`, `QuestItem10`, `MovementInfoID`, `RequiredExpansion`, `FlagQuest`, `VerifiedBuild`) VALUES ('1001002', 'Shunlok', '', '', '', '', '', '', '', 'Maestro del Torneo de Sangre y Vida', '', '', '4096', '0', '7', '0', '0', '0', '0', '0', '67429', '0', '0', '0', '1', '1', '0', '0', '0', '0', '0', '0', '0', '0', '0', '0', '0', '0', '-1', '0', '22566');
INSERT INTO `creature_template_wdb` (`Entry`, `Name1`, `Name2`, `Name3`, `Name4`, `NameAlt1`, `NameAlt2`, `NameAlt3`, `NameAlt4`, `Title`, `TitleAlt`, `CursorName`, `TypeFlags`, `TypeFlags2`, `Type`, `Family`, `Classification`, `KillCredit1`, `KillCredit2`, `VignetteID`, `Displayid1`, `Displayid2`, `Displayid3`, `Displayid4`, `HpMulti`, `PowerMulti`, `Leader`, `QuestItem1`, `QuestItem2`, `QuestItem3`, `QuestItem4`, `QuestItem5`, `QuestItem6`, `QuestItem7`, `QuestItem8`, `QuestItem9`, `QuestItem10`, `MovementInfoID`, `RequiredExpansion`, `FlagQuest`, `VerifiedBuild`) VALUES ('1001001', 'Maestro Matatan', '', '', '', '', '', '', '', 'Suscriptor del Torneo de Sangre y Vida', '', '', '4096', '0', '7', '0', '0', '0', '0', '0', '64200', '0', '0', '0', '1', '1', '0', '0', '0', '0', '0', '0', '0', '0', '0', '0', '0', '0', '-1', '0', '22566');


DELETE FROM `creature_template` WHERE `entry` IN ('1001001','1001002');
INSERT INTO `creature_template` (`entry`, `gossip_menu_id`, `minlevel`, `maxlevel`, `SandboxScalingID`, `ScaleLevelMin`, `ScaleLevelMax`, `ScaleLevelDelta`, `ScaleLevelDuration`, `exp`, `faction`, `npcflag`, `npcflag2`, `speed_walk`, `speed_run`, `speed_fly`, `scale`, `mindmg`, `maxdmg`, `dmgschool`, `attackpower`, `dmg_multiplier`, `baseattacktime`, `rangeattacktime`, `unit_class`, `unit_flags`, `unit_flags2`, `unit_flags3`, `dynamicflags`, `trainer_type`, `trainer_spell`, `trainer_class`, `trainer_race`, `minrangedmg`, `maxrangedmg`, `rangedattackpower`, `lootid`, `pickpocketloot`, `skinloot`, `resistance1`, `resistance2`, `resistance3`, `resistance4`, `resistance5`, `resistance6`, `spell1`, `spell2`, `spell3`, `spell4`, `spell5`, `spell6`, `spell7`, `spell8`, `PetSpellDataId`, `VehicleId`, `mingold`, `maxgold`, `AIName`, `MovementType`, `InhabitType`, `HoverHeight`, `Mana_mod_extra`, `Armor_mod`, `RegenHealth`, `mechanic_immune_mask`, `flags_extra`, `ControllerID`, `WorldEffects`, `PassiveSpells`, `StateWorldEffectID`, `SpellStateVisualID`, `SpellStateAnimID`, `SpellStateAnimKitID`, `IgnoreLos`, `AffixState`, `MaxVisible`, `ScriptName`) VALUES ('1001001', '1001001', '110', '110', '0', '0', '0', '0', '100', '6', '35', '3', '0', '1', '1.14286', '1.14286', '1.5', '539', '809', '0', '202', '1', '2000', '2000', '1', '32768', '2048', '0', '0', '0', '0', '0', '0', '431', '647', '162', '0', '0', '0', '0', '0', '0', '0', '0', '0', '0', '0', '0', '0', '0', '0', '0', '0', '0', '0', '0', '0', 'SmartAI', '0', '3', '1', '1', '1', '1', '0', '0', '0', '', '', '0', '0', '0', '0', '0', '0', '0', 'npc_subscriber_tournament');
INSERT INTO `creature_template` (`entry`, `gossip_menu_id`, `minlevel`, `maxlevel`, `SandboxScalingID`, `ScaleLevelMin`, `ScaleLevelMax`, `ScaleLevelDelta`, `ScaleLevelDuration`, `exp`, `faction`, `npcflag`, `npcflag2`, `speed_walk`, `speed_run`, `speed_fly`, `scale`, `mindmg`, `maxdmg`, `dmgschool`, `attackpower`, `dmg_multiplier`, `baseattacktime`, `rangeattacktime`, `unit_class`, `unit_flags`, `unit_flags2`, `unit_flags3`, `dynamicflags`, `trainer_type`, `trainer_spell`, `trainer_class`, `trainer_race`, `minrangedmg`, `maxrangedmg`, `rangedattackpower`, `lootid`, `pickpocketloot`, `skinloot`, `resistance1`, `resistance2`, `resistance3`, `resistance4`, `resistance5`, `resistance6`, `spell1`, `spell2`, `spell3`, `spell4`, `spell5`, `spell6`, `spell7`, `spell8`, `PetSpellDataId`, `VehicleId`, `mingold`, `maxgold`, `AIName`, `MovementType`, `InhabitType`, `HoverHeight`, `Mana_mod_extra`, `Armor_mod`, `RegenHealth`, `mechanic_immune_mask`, `flags_extra`, `ControllerID`, `WorldEffects`, `PassiveSpells`, `StateWorldEffectID`, `SpellStateVisualID`, `SpellStateAnimID`, `SpellStateAnimKitID`, `IgnoreLos`, `AffixState`, `MaxVisible`, `ScriptName`) VALUES ('1001002', '0', '110', '110', '0', '0', '0', '0', '100', '6', '12', '3', '0', '1', '1.14286', '1.14286', '1.5', '539', '809', '0', '202', '1', '2000', '2000', '1', '32768', '2048', '0', '0', '0', '0', '0', '0', '431', '647', '162', '0', '0', '0', '0', '0', '0', '0', '0', '0', '0', '0', '0', '0', '0', '0', '0', '0', '0', '0', '0', '0', 'SmartAI', '0', '3', '1', '1', '1', '1', '0', '0', '0', '', '', '0', '0', '0', '0', '0', '0', '0', 'npc_tournament_master');

/* Quest */
DELETE FROM `quest_template` WHERE `ID`='1001001';
INSERT INTO `quest_template` (`ID`, `QuestType`, `QuestLevel`, `QuestMaxScalingLevel`, `QuestPackageID`, `MinLevel`, `QuestSortID`, `QuestInfoID`, `SuggestedGroupNum`, `RewardNextQuest`, `RewardXPDifficulty`, `RewardXPMultiplier`, `RewardMoney`, `RewardMoneyDifficulty`, `RewardMoneyMultiplier`, `RewardBonusMoney`, `RewardDisplaySpell1`, `RewardDisplaySpell2`, `RewardDisplaySpell3`, `RewardSpell`, `RewardHonor`, `RewardKillHonor`, `RewardArtifactXP`, `RewardArtifactXPMultiplier`, `RewardArtifactCategoryID`, `StartItem`, `Flags`, `FlagsEx`, `RewardItem1`, `RewardAmount1`, `RewardItem2`, `RewardAmount2`, `RewardItem3`, `RewardAmount3`, `RewardItem4`, `RewardAmount4`, `ItemDrop1`, `ItemDropQuantity1`, `ItemDrop2`, `ItemDropQuantity2`, `ItemDrop3`, `ItemDropQuantity3`, `ItemDrop4`, `ItemDropQuantity4`, `RewardChoiceItemID1`, `RewardChoiceItemQuantity1`, `RewardChoiceItemDisplayID1`, `RewardChoiceItemID2`, `RewardChoiceItemQuantity2`, `RewardChoiceItemDisplayID2`, `RewardChoiceItemID3`, `RewardChoiceItemQuantity3`, `RewardChoiceItemDisplayID3`, `RewardChoiceItemID4`, `RewardChoiceItemQuantity4`, `RewardChoiceItemDisplayID4`, `RewardChoiceItemID5`, `RewardChoiceItemQuantity5`, `RewardChoiceItemDisplayID5`, `RewardChoiceItemID6`, `RewardChoiceItemQuantity6`, `RewardChoiceItemDisplayID6`, `POIContinent`, `POIx`, `POIy`, `POIPriority`, `RewardTitle`, `RewardArenaPoints`, `RewardSkillLineID`, `RewardNumSkillUps`, `PortraitGiver`, `PortraitTurnIn`, `RewardFactionID1`, `RewardFactionValue1`, `RewardFactionOverride1`, `FactionCapIn1`, `RewardFactionID2`, `RewardFactionValue2`, `RewardFactionOverride2`, `FactionCapIn2`, `RewardFactionID3`, `RewardFactionValue3`, `RewardFactionOverride3`, `FactionCapIn3`, `RewardFactionID4`, `RewardFactionValue4`, `RewardFactionOverride4`, `FactionCapIn4`, `RewardFactionID5`, `RewardFactionValue5`, `RewardFactionOverride5`, `FactionCapIn5`, `RewardFactionFlags`, `RewardCurrencyID1`, `RewardCurrencyQty1`, `RewardCurrencyID2`, `RewardCurrencyQty2`, `RewardCurrencyID3`, `RewardCurrencyQty3`, `RewardCurrencyID4`, `RewardCurrencyQty4`, `AcceptedSoundKitID`, `CompleteSoundKitID`, `AreaGroupID`, `TimeAllowed`, `AllowableRaces`, `QuestRewardID`, `Expansion`, `LogTitle`, `LogDescription`, `QuestDescription`, `AreaDescription`, `QuestCompletionLog`, `PortraitGiverText`, `PortraitGiverName`, `PortraitTurnInText`, `PortraitTurnInName`, `StartScript`, `CompleteScript`, `VerifiedBuild`) VALUES ('1001001', '2', '110', '110', '0', '110', '-1', '0', '0', '0', '0', '1', '0', '0', '1', '0', '0', '0', '0', '0', '0', '0', '0', '0', '0', '0', '0', '0', '505050', '1', '0', '0', '0', '0', '0', '0', '0', '0', '0', '0', '0', '0', '0', '0', '0', '0', '0', '0', '0', '0', '0', '0', '0', '0', '0', '0', '0', '0', '0', '0', '0', '0', '0', '0', '0', '0', '0', '0', '0', '0', '0', '0', '0', '0', '0', '0', '0', '0', '0', '0', '0', '0', '0', '0', '0', '0', '0', '0', '0', '0', '0', '0', '0', '0', '0', '0', '0', '0', '0', '0', '0', '890', '878', '0', '0', '0', '0', '6', 'Tornedo de Sangre y Vida', 'Al aceptar la misión fuiste inscrito para el torneo con la especialización correspondiente. El Maestro Matatan llamara a los participantes por orden de inscripcion, observa mientras llega tu turno como los héroes de Azeroth demuestran su poder. Cuando seas llamado tendrás 30 segundos para presentarte y otros 20 segundos para desenfundar tu arma y desatar todo tu poder sobre Shunlok el Maestro del Torneo de Sangre y Vida. Al concluir el torneo se anuciara el ganador de cada especialización y el ganador general por roles(DPS,HEALER,TANK). Si resultas ser uno de los ganadores vuelve ante el Maestro Matatan para recibir tu recompensa.', 'Demuéstrale tu poder a Shunlok', '', '', NULL, NULL, NULL, NULL, '0', '0', '1');

DELETE FROM `quest_template_addon` WHERE `ID`='1001001';
INSERT INTO `quest_template_addon` (`ID`, `MaxLevel`, `AllowableClasses`, `SourceSpellID`, `PrevQuestID`, `NextQuestID`, `ExclusiveGroup`, `RewardMailTemplateID`, `RewardMailDelay`, `RewardMailTitle`, `RequiredSkillID`, `RequiredSkillPoints`, `RequiredMinRepFaction`, `RequiredMaxRepFaction`, `RequiredMinRepValue`, `RequiredMaxRepValue`, `ProvidedItemCount`, `SpecialFlags`) VALUES ('1001001', '0', '0', '0', '0', '0', '0', '0', '0', '', '0', '0', '0', '0', '0', '0', '0', '1');

DELETE FROM `quest_objectives` WHERE `QuestID`='1001001';
INSERT INTO `quest_objectives` (`ID`, `QuestID`, `Type`, `StorageIndex`, `ObjectID`, `Amount`, `Flags`, `Flags2`, `TaskStep`, `Description`, `VerifiedBuild`) VALUES ('1001001', '1001001', '0', '0', '1001001', '1', '0', '0', '0', NULL, '0');

DELETE FROM `creature_queststarter` WHERE `id`='1001001';
INSERT INTO `creature_queststarter` (`id`, `quest`) VALUES ('1001001', '1001001');

DELETE FROM `creature_questender` WHERE `id`='1001001';
INSERT INTO `creature_questender` (`id`, `quest`) VALUES ('1001001', '1001001');

/* Msg */
DELETE FROM `trinity_string` WHERE `entry` IN ('1001001','1001002','1001003','1001004');
INSERT INTO `trinity_string` (`entry`, `content_default`, `content_loc1`, `content_loc2`, `content_loc3`, `content_loc4`, `content_loc5`, `content_loc6`, `content_loc7`, `content_loc8`, `content_loc9`, `content_loc10`) VALUES ('1001004', '|cfff00000[Información del Torneo de Sangre y Vida]:|r No es tu turno, por favor espera a ser llamdo. Será teletransportado para liberar la zona.', '', '', '', '', '', '', '', '', '', '');
INSERT INTO `trinity_string` (`entry`, `content_default`, `content_loc1`, `content_loc2`, `content_loc3`, `content_loc4`, `content_loc5`, `content_loc6`, `content_loc7`, `content_loc8`, `content_loc9`, `content_loc10`) VALUES ('1001003', '|cfff00000[Información del Torneo de Sangre y Vida]:|r La ronda ha comenzado y no es tu turno. Será teletransportado para liberar la zona.', '', '', '', '', '', '', '', '', '', '');
INSERT INTO `trinity_string` (`entry`, `content_default`, `content_loc1`, `content_loc2`, `content_loc3`, `content_loc4`, `content_loc5`, `content_loc6`, `content_loc7`, `content_loc8`, `content_loc9`, `content_loc10`) VALUES ('1001002', '|cfff00000[Información del Torneo de Sangre y Vida]:|r Su suscripción ha sido completada exitosamente. Será teletransportado para liberar la zona.', '', '', '', '', '', '', '', '', '', '');
INSERT INTO `trinity_string` (`entry`, `content_default`, `content_loc1`, `content_loc2`, `content_loc3`, `content_loc4`, `content_loc5`, `content_loc6`, `content_loc7`, `content_loc8`, `content_loc9`, `content_loc10`) VALUES ('1001001', '|cfff00000[Información del Torneo de Sangre y Vida]:|r Debe tener level 110 y un item level superior a 900 para participar en este Torneo de Sangre y Vida.', '', '', '', '', '', '', '', '', '', '');

/* Spell Area */
DELETE FROM `spell_area` WHERE `spell` ='223203' AND `area`='2177';
DELETE FROM `spell_area` WHERE `spell` ='223203' AND `area`='1741';
DELETE FROM `spell_area` WHERE `spell` ='197912' AND `area`='2177';
DELETE FROM `spell_area` WHERE `spell` ='197912' AND `area`='1741';
INSERT INTO `spell_area` (`spell`, `area`, `quest_start`, `quest_end`, `aura_spell`, `racemask`, `classmask`, `active_event`, `gender`, `autocast`, `quest_start_status`, `quest_end_status`) VALUES ('223203', '2177', '0', '0', '0', '0', '0', '0', '2', '1', '64', '11');
INSERT INTO `spell_area` (`spell`, `area`, `quest_start`, `quest_end`, `aura_spell`, `racemask`, `classmask`, `active_event`, `gender`, `autocast`, `quest_start_status`, `quest_end_status`) VALUES ('223203', '1741', '0', '0', '0', '0', '0', '0', '2', '1', '64', '11');
INSERT INTO `spell_area` (`spell`, `area`, `quest_start`, `quest_end`, `aura_spell`, `racemask`, `classmask`, `active_event`, `gender`, `autocast`, `quest_start_status`, `quest_end_status`) VALUES ('197912', '2177', '0', '0', '0', '0', '0', '0', '2', '1', '64', '11');
INSERT INTO `spell_area` (`spell`, `area`, `quest_start`, `quest_end`, `aura_spell`, `racemask`, `classmask`, `active_event`, `gender`, `autocast`, `quest_start_status`, `quest_end_status`) VALUES ('197912', '1741', '0', '0', '0', '0', '0', '0', '2', '1', '64', '11');

/* Spawns*/
DELETE FROM `creature` WHERE `id` IN ('1001001','1001002');
INSERT INTO `creature` (`guid`, `id`, `map`, `zoneId`, `areaId`, `spawnMask`, `phaseMask`, `PhaseId`, `modelid`, `equipment_id`, `position_x`, `position_y`, `position_z`, `orientation`, `spawntimesecs`, `spawndist`, `currentwaypoint`, `curhealth`, `curmana`, `MovementType`, `npcflag`, `npcflag2`, `unit_flags`, `dynamicflags`, `AiID`, `MovementID`, `MeleeID`, `isActive`, `skipClone`, `personal_size`, `isTeemingSpawn`, `unit_flags3`) VALUES ('300005000', '1001002', '0', '5287', '2177', '1', '1', '', '0', '0', '-13206.9', '276.663', '21.8572', '4.26716', '300', '0', '0', '1039267', '0', '0', '0', '0', '0', '0', '0', '0', '0', '0', '0', '0', '0', '0');

/* Complements Npc */
DELETE FROM `creature` WHERE `id` ='117147' AND `areaId`='1741';
INSERT INTO `creature` (`guid`, `id`, `map`, `zoneId`, `areaId`, `spawnMask`, `phaseMask`, `PhaseId`, `modelid`, `equipment_id`, `position_x`, `position_y`, `position_z`, `orientation`, `spawntimesecs`, `spawndist`, `currentwaypoint`, `curhealth`, `curmana`, `MovementType`, `npcflag`, `npcflag2`, `unit_flags`, `dynamicflags`, `AiID`, `MovementID`, `MeleeID`, `isActive`, `skipClone`, `personal_size`, `isTeemingSpawn`, `unit_flags3`) VALUES ('300016269', '117147', '0', '5287', '1741', '1', '1', '', '0', '1', '-13199.9', '343.148', '42.9782', '4.76149', '300', '0', '0', '1299084', '0', '0', '0', '0', '0', '0', '12306', '0', '0', '0', '0', '0', '0', '0');
INSERT INTO `creature` (`guid`, `id`, `map`, `zoneId`, `areaId`, `spawnMask`, `phaseMask`, `PhaseId`, `modelid`, `equipment_id`, `position_x`, `position_y`, `position_z`, `orientation`, `spawntimesecs`, `spawndist`, `currentwaypoint`, `curhealth`, `curmana`, `MovementType`, `npcflag`, `npcflag2`, `unit_flags`, `dynamicflags`, `AiID`, `MovementID`, `MeleeID`, `isActive`, `skipClone`, `personal_size`, `isTeemingSpawn`, `unit_flags3`) VALUES ('300016283', '117147', '0', '5287', '1741', '1', '1', '', '0', '1', '-13157.5', '222.512', '42.9784', '2.1744', '300', '0', '0', '1299084', '0', '0', '0', '0', '0', '0', '12306', '0', '0', '0', '0', '0', '0', '0');
INSERT INTO `creature` (`guid`, `id`, `map`, `zoneId`, `areaId`, `spawnMask`, `phaseMask`, `PhaseId`, `modelid`, `equipment_id`, `position_x`, `position_y`, `position_z`, `orientation`, `spawntimesecs`, `spawndist`, `currentwaypoint`, `curhealth`, `curmana`, `MovementType`, `npcflag`, `npcflag2`, `unit_flags`, `dynamicflags`, `AiID`, `MovementID`, `MeleeID`, `isActive`, `skipClone`, `personal_size`, `isTeemingSpawn`, `unit_flags3`) VALUES ('300016282', '117147', '0', '5287', '1741', '1', '1', '', '0', '1', '-13151.9', '227.612', '42.9784', '2.43358', '300', '0', '0', '1299084', '0', '0', '0', '0', '0', '0', '12306', '0', '0', '0', '0', '0', '0', '0');
INSERT INTO `creature` (`guid`, `id`, `map`, `zoneId`, `areaId`, `spawnMask`, `phaseMask`, `PhaseId`, `modelid`, `equipment_id`, `position_x`, `position_y`, `position_z`, `orientation`, `spawntimesecs`, `spawndist`, `currentwaypoint`, `curhealth`, `curmana`, `MovementType`, `npcflag`, `npcflag2`, `unit_flags`, `dynamicflags`, `AiID`, `MovementID`, `MeleeID`, `isActive`, `skipClone`, `personal_size`, `isTeemingSpawn`, `unit_flags3`) VALUES ('300016284', '117147', '0', '5287', '1741', '1', '1', '', '0', '1', '-13170.6', '213.188', '42.9784', '2.18618', '300', '0', '0', '1299084', '0', '0', '0', '0', '0', '0', '12306', '0', '0', '0', '0', '0', '0', '0');
INSERT INTO `creature` (`guid`, `id`, `map`, `zoneId`, `areaId`, `spawnMask`, `phaseMask`, `PhaseId`, `modelid`, `equipment_id`, `position_x`, `position_y`, `position_z`, `orientation`, `spawntimesecs`, `spawndist`, `currentwaypoint`, `curhealth`, `curmana`, `MovementType`, `npcflag`, `npcflag2`, `unit_flags`, `dynamicflags`, `AiID`, `MovementID`, `MeleeID`, `isActive`, `skipClone`, `personal_size`, `isTeemingSpawn`, `unit_flags3`) VALUES ('300016285', '117147', '0', '5287', '1741', '1', '1', '', '0', '1', '-13178.9', '209.104', '42.9768', '1.96627', '300', '0', '0', '1299084', '0', '0', '0', '0', '0', '0', '12306', '0', '0', '0', '0', '0', '0', '0');
INSERT INTO `creature` (`guid`, `id`, `map`, `zoneId`, `areaId`, `spawnMask`, `phaseMask`, `PhaseId`, `modelid`, `equipment_id`, `position_x`, `position_y`, `position_z`, `orientation`, `spawntimesecs`, `spawndist`, `currentwaypoint`, `curhealth`, `curmana`, `MovementType`, `npcflag`, `npcflag2`, `unit_flags`, `dynamicflags`, `AiID`, `MovementID`, `MeleeID`, `isActive`, `skipClone`, `personal_size`, `isTeemingSpawn`, `unit_flags3`) VALUES ('300016286', '117147', '0', '5287', '1741', '1', '1', '', '0', '1', '-13193.1', '206.22', '42.9676', '1.66389', '300', '0', '0', '1299084', '0', '0', '0', '0', '0', '0', '12306', '0', '0', '0', '0', '0', '0', '0');
INSERT INTO `creature` (`guid`, `id`, `map`, `zoneId`, `areaId`, `spawnMask`, `phaseMask`, `PhaseId`, `modelid`, `equipment_id`, `position_x`, `position_y`, `position_z`, `orientation`, `spawntimesecs`, `spawndist`, `currentwaypoint`, `curhealth`, `curmana`, `MovementType`, `npcflag`, `npcflag2`, `unit_flags`, `dynamicflags`, `AiID`, `MovementID`, `MeleeID`, `isActive`, `skipClone`, `personal_size`, `isTeemingSpawn`, `unit_flags3`) VALUES ('300016287', '117147', '0', '5287', '1741', '1', '1', '', '0', '1', '-13215', '205.045', '42.97', '1.53822', '300', '0', '0', '1299084', '0', '0', '0', '0', '0', '0', '12306', '0', '0', '0', '0', '0', '0', '0');
INSERT INTO `creature` (`guid`, `id`, `map`, `zoneId`, `areaId`, `spawnMask`, `phaseMask`, `PhaseId`, `modelid`, `equipment_id`, `position_x`, `position_y`, `position_z`, `orientation`, `spawntimesecs`, `spawndist`, `currentwaypoint`, `curhealth`, `curmana`, `MovementType`, `npcflag`, `npcflag2`, `unit_flags`, `dynamicflags`, `AiID`, `MovementID`, `MeleeID`, `isActive`, `skipClone`, `personal_size`, `isTeemingSpawn`, `unit_flags3`) VALUES ('300016288', '117147', '0', '5287', '1741', '1', '1', '', '0', '1', '-13254.8', '224.624', '42.8836', '0.62716', '300', '0', '0', '1299084', '0', '0', '0', '0', '0', '0', '12306', '0', '0', '0', '0', '0', '0', '0');
INSERT INTO `creature` (`guid`, `id`, `map`, `zoneId`, `areaId`, `spawnMask`, `phaseMask`, `PhaseId`, `modelid`, `equipment_id`, `position_x`, `position_y`, `position_z`, `orientation`, `spawntimesecs`, `spawndist`, `currentwaypoint`, `curhealth`, `curmana`, `MovementType`, `npcflag`, `npcflag2`, `unit_flags`, `dynamicflags`, `AiID`, `MovementID`, `MeleeID`, `isActive`, `skipClone`, `personal_size`, `isTeemingSpawn`, `unit_flags3`) VALUES ('300016268', '117147', '0', '5287', '1741', '1', '1', '', '0', '1', '-13212.1', '342.548', '42.9782', '4.70651', '300', '0', '0', '1299084', '0', '0', '0', '0', '0', '0', '12306', '0', '0', '0', '0', '0', '0', '0');
INSERT INTO `creature` (`guid`, `id`, `map`, `zoneId`, `areaId`, `spawnMask`, `phaseMask`, `PhaseId`, `modelid`, `equipment_id`, `position_x`, `position_y`, `position_z`, `orientation`, `spawntimesecs`, `spawndist`, `currentwaypoint`, `curhealth`, `curmana`, `MovementType`, `npcflag`, `npcflag2`, `unit_flags`, `dynamicflags`, `AiID`, `MovementID`, `MeleeID`, `isActive`, `skipClone`, `personal_size`, `isTeemingSpawn`, `unit_flags3`) VALUES ('300016281', '117147', '0', '5287', '1741', '1', '1', '', '0', '1', '-13144', '238.512', '42.9784', '2.63778', '300', '0', '0', '1299084', '0', '0', '0', '0', '0', '0', '12306', '0', '0', '0', '0', '0', '0', '0');
INSERT INTO `creature` (`guid`, `id`, `map`, `zoneId`, `areaId`, `spawnMask`, `phaseMask`, `PhaseId`, `modelid`, `equipment_id`, `position_x`, `position_y`, `position_z`, `orientation`, `spawntimesecs`, `spawndist`, `currentwaypoint`, `curhealth`, `curmana`, `MovementType`, `npcflag`, `npcflag2`, `unit_flags`, `dynamicflags`, `AiID`, `MovementID`, `MeleeID`, `isActive`, `skipClone`, `personal_size`, `isTeemingSpawn`, `unit_flags3`) VALUES ('300016279', '117147', '0', '5287', '1741', '1', '1', '', '0', '1', '-13138', '264.878', '42.9712', '2.96765', '300', '0', '0', '1299084', '0', '0', '0', '0', '0', '0', '12306', '0', '0', '0', '0', '0', '0', '0');
INSERT INTO `creature` (`guid`, `id`, `map`, `zoneId`, `areaId`, `spawnMask`, `phaseMask`, `PhaseId`, `modelid`, `equipment_id`, `position_x`, `position_y`, `position_z`, `orientation`, `spawntimesecs`, `spawndist`, `currentwaypoint`, `curhealth`, `curmana`, `MovementType`, `npcflag`, `npcflag2`, `unit_flags`, `dynamicflags`, `AiID`, `MovementID`, `MeleeID`, `isActive`, `skipClone`, `personal_size`, `isTeemingSpawn`, `unit_flags3`) VALUES ('300016270', '117147', '0', '5287', '1741', '1', '1', '', '0', '1', '-13192.7', '340.865', '42.9782', '4.41592', '300', '0', '0', '1299084', '0', '0', '0', '0', '0', '0', '12306', '0', '0', '0', '0', '0', '0', '0');
INSERT INTO `creature` (`guid`, `id`, `map`, `zoneId`, `areaId`, `spawnMask`, `phaseMask`, `PhaseId`, `modelid`, `equipment_id`, `position_x`, `position_y`, `position_z`, `orientation`, `spawntimesecs`, `spawndist`, `currentwaypoint`, `curhealth`, `curmana`, `MovementType`, `npcflag`, `npcflag2`, `unit_flags`, `dynamicflags`, `AiID`, `MovementID`, `MeleeID`, `isActive`, `skipClone`, `personal_size`, `isTeemingSpawn`, `unit_flags3`) VALUES ('300016272', '117147', '0', '5287', '1741', '1', '1', '', '0', '1', '-13179.5', '336.135', '42.9798', '4.32166', '300', '0', '0', '1299084', '0', '0', '0', '0', '0', '0', '12306', '0', '0', '0', '0', '0', '0', '0');
INSERT INTO `creature` (`guid`, `id`, `map`, `zoneId`, `areaId`, `spawnMask`, `phaseMask`, `PhaseId`, `modelid`, `equipment_id`, `position_x`, `position_y`, `position_z`, `orientation`, `spawntimesecs`, `spawndist`, `currentwaypoint`, `curhealth`, `curmana`, `MovementType`, `npcflag`, `npcflag2`, `unit_flags`, `dynamicflags`, `AiID`, `MovementID`, `MeleeID`, `isActive`, `skipClone`, `personal_size`, `isTeemingSpawn`, `unit_flags3`) VALUES ('300016273', '117147', '0', '5287', '1741', '1', '1', '', '0', '1', '-13169.8', '330.986', '42.9798', '4.14182', '300', '0', '0', '1299084', '0', '0', '0', '0', '0', '0', '12306', '0', '0', '0', '0', '0', '0', '0');
INSERT INTO `creature` (`guid`, `id`, `map`, `zoneId`, `areaId`, `spawnMask`, `phaseMask`, `PhaseId`, `modelid`, `equipment_id`, `position_x`, `position_y`, `position_z`, `orientation`, `spawntimesecs`, `spawndist`, `currentwaypoint`, `curhealth`, `curmana`, `MovementType`, `npcflag`, `npcflag2`, `unit_flags`, `dynamicflags`, `AiID`, `MovementID`, `MeleeID`, `isActive`, `skipClone`, `personal_size`, `isTeemingSpawn`, `unit_flags3`) VALUES ('300016274', '117147', '0', '5287', '1741', '1', '1', '', '0', '1', '-13156.7', '321.914', '42.9798', '3.95333', '300', '0', '0', '1299084', '0', '0', '0', '0', '0', '0', '12306', '0', '0', '0', '0', '0', '0', '0');
INSERT INTO `creature` (`guid`, `id`, `map`, `zoneId`, `areaId`, `spawnMask`, `phaseMask`, `PhaseId`, `modelid`, `equipment_id`, `position_x`, `position_y`, `position_z`, `orientation`, `spawntimesecs`, `spawndist`, `currentwaypoint`, `curhealth`, `curmana`, `MovementType`, `npcflag`, `npcflag2`, `unit_flags`, `dynamicflags`, `AiID`, `MovementID`, `MeleeID`, `isActive`, `skipClone`, `personal_size`, `isTeemingSpawn`, `unit_flags3`) VALUES ('300016275', '117147', '0', '5287', '1741', '1', '1', '', '0', '1', '-13149.1', '314.76', '42.9798', '3.77269', '300', '0', '0', '1299084', '0', '0', '0', '0', '0', '0', '12306', '0', '0', '0', '0', '0', '0', '0');
INSERT INTO `creature` (`guid`, `id`, `map`, `zoneId`, `areaId`, `spawnMask`, `phaseMask`, `PhaseId`, `modelid`, `equipment_id`, `position_x`, `position_y`, `position_z`, `orientation`, `spawntimesecs`, `spawndist`, `currentwaypoint`, `curhealth`, `curmana`, `MovementType`, `npcflag`, `npcflag2`, `unit_flags`, `dynamicflags`, `AiID`, `MovementID`, `MeleeID`, `isActive`, `skipClone`, `personal_size`, `isTeemingSpawn`, `unit_flags3`) VALUES ('300016277', '117147', '0', '5287', '1741', '1', '1', '', '0', '1', '-13139.6', '291.821', '42.9742', '3.38784', '300', '0', '0', '1299084', '0', '0', '0', '0', '0', '0', '12306', '0', '0', '0', '0', '0', '0', '0');
INSERT INTO `creature` (`guid`, `id`, `map`, `zoneId`, `areaId`, `spawnMask`, `phaseMask`, `PhaseId`, `modelid`, `equipment_id`, `position_x`, `position_y`, `position_z`, `orientation`, `spawntimesecs`, `spawndist`, `currentwaypoint`, `curhealth`, `curmana`, `MovementType`, `npcflag`, `npcflag2`, `unit_flags`, `dynamicflags`, `AiID`, `MovementID`, `MeleeID`, `isActive`, `skipClone`, `personal_size`, `isTeemingSpawn`, `unit_flags3`) VALUES ('300016278', '117147', '0', '5287', '1741', '1', '1', '', '0', '1', '-13137.2', '277.552', '42.9677', '3.06582', '300', '0', '0', '1299084', '0', '0', '0', '0', '0', '0', '12306', '0', '0', '0', '0', '0', '0', '0');
INSERT INTO `creature` (`guid`, `id`, `map`, `zoneId`, `areaId`, `spawnMask`, `phaseMask`, `PhaseId`, `modelid`, `equipment_id`, `position_x`, `position_y`, `position_z`, `orientation`, `spawntimesecs`, `spawndist`, `currentwaypoint`, `curhealth`, `curmana`, `MovementType`, `npcflag`, `npcflag2`, `unit_flags`, `dynamicflags`, `AiID`, `MovementID`, `MeleeID`, `isActive`, `skipClone`, `personal_size`, `isTeemingSpawn`, `unit_flags3`) VALUES ('300016280', '117147', '0', '5287', '1741', '1', '1', '', '0', '1', '-13140.6', '248.639', '42.9753', '2.73988', '300', '0', '0', '1299084', '0', '0', '0', '0', '0', '0', '12306', '0', '0', '0', '0', '0', '0', '0');
INSERT INTO `creature` (`guid`, `id`, `map`, `zoneId`, `areaId`, `spawnMask`, `phaseMask`, `PhaseId`, `modelid`, `equipment_id`, `position_x`, `position_y`, `position_z`, `orientation`, `spawntimesecs`, `spawndist`, `currentwaypoint`, `curhealth`, `curmana`, `MovementType`, `npcflag`, `npcflag2`, `unit_flags`, `dynamicflags`, `AiID`, `MovementID`, `MeleeID`, `isActive`, `skipClone`, `personal_size`, `isTeemingSpawn`, `unit_flags3`) VALUES ('300016276', '117147', '0', '5287', '1741', '1', '1', '', '0', '1', '-13141.7', '302.341', '42.9798', '3.54885', '300', '0', '0', '1299084', '0', '0', '0', '0', '0', '0', '12306', '0', '0', '0', '0', '0', '0', '0');
INSERT INTO `creature` (`guid`, `id`, `map`, `zoneId`, `areaId`, `spawnMask`, `phaseMask`, `PhaseId`, `modelid`, `equipment_id`, `position_x`, `position_y`, `position_z`, `orientation`, `spawntimesecs`, `spawndist`, `currentwaypoint`, `curhealth`, `curmana`, `MovementType`, `npcflag`, `npcflag2`, `unit_flags`, `dynamicflags`, `AiID`, `MovementID`, `MeleeID`, `isActive`, `skipClone`, `personal_size`, `isTeemingSpawn`, `unit_flags3`) VALUES ('300016267', '117147', '0', '5287', '1741', '1', '1', '', '0', '1', '-13219.8', '340.952', '42.9774', '5.09922', '300', '0', '0', '1299084', '0', '0', '0', '0', '0', '0', '12306', '0', '0', '0', '0', '0', '0', '0');
INSERT INTO `creature` (`guid`, `id`, `map`, `zoneId`, `areaId`, `spawnMask`, `phaseMask`, `PhaseId`, `modelid`, `equipment_id`, `position_x`, `position_y`, `position_z`, `orientation`, `spawntimesecs`, `spawndist`, `currentwaypoint`, `curhealth`, `curmana`, `MovementType`, `npcflag`, `npcflag2`, `unit_flags`, `dynamicflags`, `AiID`, `MovementID`, `MeleeID`, `isActive`, `skipClone`, `personal_size`, `isTeemingSpawn`, `unit_flags3`) VALUES ('300016256', '117147', '0', '5287', '1741', '1', '1', '', '0', '1', '-13215.1', '225.583', '33.2275', '1.57828', '300', '0', '0', '1299084', '0', '0', '0', '0', '0', '0', '12306', '0', '0', '0', '0', '0', '0', '0');
INSERT INTO `creature` (`guid`, `id`, `map`, `zoneId`, `areaId`, `spawnMask`, `phaseMask`, `PhaseId`, `modelid`, `equipment_id`, `position_x`, `position_y`, `position_z`, `orientation`, `spawntimesecs`, `spawndist`, `currentwaypoint`, `curhealth`, `curmana`, `MovementType`, `npcflag`, `npcflag2`, `unit_flags`, `dynamicflags`, `AiID`, `MovementID`, `MeleeID`, `isActive`, `skipClone`, `personal_size`, `isTeemingSpawn`, `unit_flags3`) VALUES ('300016257', '117147', '0', '5287', '1741', '1', '1', '', '0', '1', '-13239.2', '238.503', '33.2245', '0.710414', '300', '0', '0', '1299084', '0', '0', '0', '0', '0', '0', '12306', '0', '0', '0', '0', '0', '0', '0');
INSERT INTO `creature` (`guid`, `id`, `map`, `zoneId`, `areaId`, `spawnMask`, `phaseMask`, `PhaseId`, `modelid`, `equipment_id`, `position_x`, `position_y`, `position_z`, `orientation`, `spawntimesecs`, `spawndist`, `currentwaypoint`, `curhealth`, `curmana`, `MovementType`, `npcflag`, `npcflag2`, `unit_flags`, `dynamicflags`, `AiID`, `MovementID`, `MeleeID`, `isActive`, `skipClone`, `personal_size`, `isTeemingSpawn`, `unit_flags3`) VALUES ('300016258', '117147', '0', '5287', '1741', '1', '1', '', '0', '1', '-13266.1', '244.178', '42.972', '0.305936', '300', '0', '0', '1299084', '0', '0', '0', '0', '0', '0', '12306', '0', '0', '0', '0', '0', '0', '0');
INSERT INTO `creature` (`guid`, `id`, `map`, `zoneId`, `areaId`, `spawnMask`, `phaseMask`, `PhaseId`, `modelid`, `equipment_id`, `position_x`, `position_y`, `position_z`, `orientation`, `spawntimesecs`, `spawndist`, `currentwaypoint`, `curhealth`, `curmana`, `MovementType`, `npcflag`, `npcflag2`, `unit_flags`, `dynamicflags`, `AiID`, `MovementID`, `MeleeID`, `isActive`, `skipClone`, `personal_size`, `isTeemingSpawn`, `unit_flags3`) VALUES ('300016259', '117147', '0', '5287', '1741', '1', '1', '', '0', '1', '-13272.6', '259.636', '42.9773', '0.27765', '300', '0', '0', '1299084', '0', '0', '0', '0', '0', '0', '12306', '0', '0', '0', '0', '0', '0', '0');
INSERT INTO `creature` (`guid`, `id`, `map`, `zoneId`, `areaId`, `spawnMask`, `phaseMask`, `PhaseId`, `modelid`, `equipment_id`, `position_x`, `position_y`, `position_z`, `orientation`, `spawntimesecs`, `spawndist`, `currentwaypoint`, `curhealth`, `curmana`, `MovementType`, `npcflag`, `npcflag2`, `unit_flags`, `dynamicflags`, `AiID`, `MovementID`, `MeleeID`, `isActive`, `skipClone`, `personal_size`, `isTeemingSpawn`, `unit_flags3`) VALUES ('300016260', '117147', '0', '5287', '1741', '1', '1', '', '0', '1', '-13274.2', '268.724', '42.9785', '6.24981', '300', '0', '0', '1299084', '0', '0', '0', '0', '0', '0', '12306', '0', '0', '0', '0', '0', '0', '0');
INSERT INTO `creature` (`guid`, `id`, `map`, `zoneId`, `areaId`, `spawnMask`, `phaseMask`, `PhaseId`, `modelid`, `equipment_id`, `position_x`, `position_y`, `position_z`, `orientation`, `spawntimesecs`, `spawndist`, `currentwaypoint`, `curhealth`, `curmana`, `MovementType`, `npcflag`, `npcflag2`, `unit_flags`, `dynamicflags`, `AiID`, `MovementID`, `MeleeID`, `isActive`, `skipClone`, `personal_size`, `isTeemingSpawn`, `unit_flags3`) VALUES ('300016261', '117147', '0', '5287', '1741', '1', '1', '', '0', '1', '-13273.4', '288.697', '42.9785', '5.99063', '300', '0', '0', '1299084', '0', '0', '0', '0', '0', '0', '12306', '0', '0', '0', '0', '0', '0', '0');
INSERT INTO `creature` (`guid`, `id`, `map`, `zoneId`, `areaId`, `spawnMask`, `phaseMask`, `PhaseId`, `modelid`, `equipment_id`, `position_x`, `position_y`, `position_z`, `orientation`, `spawntimesecs`, `spawndist`, `currentwaypoint`, `curhealth`, `curmana`, `MovementType`, `npcflag`, `npcflag2`, `unit_flags`, `dynamicflags`, `AiID`, `MovementID`, `MeleeID`, `isActive`, `skipClone`, `personal_size`, `isTeemingSpawn`, `unit_flags3`) VALUES ('300016262', '117147', '0', '5287', '1741', '1', '1', '', '0', '1', '-13271', '295.957', '42.9785', '5.79821', '300', '0', '0', '1299084', '0', '0', '0', '0', '0', '0', '12306', '0', '0', '0', '0', '0', '0', '0');
INSERT INTO `creature` (`guid`, `id`, `map`, `zoneId`, `areaId`, `spawnMask`, `phaseMask`, `PhaseId`, `modelid`, `equipment_id`, `position_x`, `position_y`, `position_z`, `orientation`, `spawntimesecs`, `spawndist`, `currentwaypoint`, `curhealth`, `curmana`, `MovementType`, `npcflag`, `npcflag2`, `unit_flags`, `dynamicflags`, `AiID`, `MovementID`, `MeleeID`, `isActive`, `skipClone`, `personal_size`, `isTeemingSpawn`, `unit_flags3`) VALUES ('300016263', '117147', '0', '5287', '1741', '1', '1', '', '0', '1', '-13266.8', '306.672', '42.9784', '5.71573', '300', '0', '0', '1299084', '0', '0', '0', '0', '0', '0', '12306', '0', '0', '0', '0', '0', '0', '0');
INSERT INTO `creature` (`guid`, `id`, `map`, `zoneId`, `areaId`, `spawnMask`, `phaseMask`, `PhaseId`, `modelid`, `equipment_id`, `position_x`, `position_y`, `position_z`, `orientation`, `spawntimesecs`, `spawndist`, `currentwaypoint`, `curhealth`, `curmana`, `MovementType`, `npcflag`, `npcflag2`, `unit_flags`, `dynamicflags`, `AiID`, `MovementID`, `MeleeID`, `isActive`, `skipClone`, `personal_size`, `isTeemingSpawn`, `unit_flags3`) VALUES ('300016264', '117147', '0', '5287', '1741', '1', '1', '', '0', '1', '-13261.8', '312.249', '42.9751', '5.52724', '300', '0', '0', '1299084', '0', '0', '0', '0', '0', '0', '12306', '0', '0', '0', '0', '0', '0', '0');
INSERT INTO `creature` (`guid`, `id`, `map`, `zoneId`, `areaId`, `spawnMask`, `phaseMask`, `PhaseId`, `modelid`, `equipment_id`, `position_x`, `position_y`, `position_z`, `orientation`, `spawntimesecs`, `spawndist`, `currentwaypoint`, `curhealth`, `curmana`, `MovementType`, `npcflag`, `npcflag2`, `unit_flags`, `dynamicflags`, `AiID`, `MovementID`, `MeleeID`, `isActive`, `skipClone`, `personal_size`, `isTeemingSpawn`, `unit_flags3`) VALUES ('300016265', '117147', '0', '5287', '1741', '1', '1', '', '0', '1', '-13250.7', '323.721', '42.9668', '5.48405', '300', '0', '0', '1299084', '0', '0', '0', '0', '0', '0', '12306', '0', '0', '0', '0', '0', '0', '0');
INSERT INTO `creature` (`guid`, `id`, `map`, `zoneId`, `areaId`, `spawnMask`, `phaseMask`, `PhaseId`, `modelid`, `equipment_id`, `position_x`, `position_y`, `position_z`, `orientation`, `spawntimesecs`, `spawndist`, `currentwaypoint`, `curhealth`, `curmana`, `MovementType`, `npcflag`, `npcflag2`, `unit_flags`, `dynamicflags`, `AiID`, `MovementID`, `MeleeID`, `isActive`, `skipClone`, `personal_size`, `isTeemingSpawn`, `unit_flags3`) VALUES ('300016266', '117147', '0', '5287', '1741', '1', '1', '', '0', '1', '-13237.1', '332.761', '42.9678', '5.26807', '300', '0', '0', '1299084', '0', '0', '0', '0', '0', '0', '12306', '0', '0', '0', '0', '0', '0', '0');
INSERT INTO `creature` (`guid`, `id`, `map`, `zoneId`, `areaId`, `spawnMask`, `phaseMask`, `PhaseId`, `modelid`, `equipment_id`, `position_x`, `position_y`, `position_z`, `orientation`, `spawntimesecs`, `spawndist`, `currentwaypoint`, `curhealth`, `curmana`, `MovementType`, `npcflag`, `npcflag2`, `unit_flags`, `dynamicflags`, `AiID`, `MovementID`, `MeleeID`, `isActive`, `skipClone`, `personal_size`, `isTeemingSpawn`, `unit_flags3`) VALUES ('300016237', '117147', '0', '5287', '1741', '1', '1', '', '0', '1', '-13212.4', '318.819', '33.229', '3.33757', '300', '0', '0', '1299084', '0', '0', '0', '0', '0', '0', '12307', '0', '0', '0', '0', '0', '0', '0');
INSERT INTO `creature` (`guid`, `id`, `map`, `zoneId`, `areaId`, `spawnMask`, `phaseMask`, `PhaseId`, `modelid`, `equipment_id`, `position_x`, `position_y`, `position_z`, `orientation`, `spawntimesecs`, `spawndist`, `currentwaypoint`, `curhealth`, `curmana`, `MovementType`, `npcflag`, `npcflag2`, `unit_flags`, `dynamicflags`, `AiID`, `MovementID`, `MeleeID`, `isActive`, `skipClone`, `personal_size`, `isTeemingSpawn`, `unit_flags3`) VALUES ('300016250', '117147', '0', '5287', '1741', '1', '1', '', '0', '1', '-13162.5', '250.917', '33.2321', '4.09941', '300', '0', '0', '1299084', '0', '0', '0', '0', '0', '0', '12307', '0', '0', '0', '0', '0', '0', '0');
INSERT INTO `creature` (`guid`, `id`, `map`, `zoneId`, `areaId`, `spawnMask`, `phaseMask`, `PhaseId`, `modelid`, `equipment_id`, `position_x`, `position_y`, `position_z`, `orientation`, `spawntimesecs`, `spawndist`, `currentwaypoint`, `curhealth`, `curmana`, `MovementType`, `npcflag`, `npcflag2`, `unit_flags`, `dynamicflags`, `AiID`, `MovementID`, `MeleeID`, `isActive`, `skipClone`, `personal_size`, `isTeemingSpawn`, `unit_flags3`) VALUES ('300016251', '117147', '0', '5287', '1741', '1', '1', '', '0', '1', '-13168.7', '242.041', '33.2327', '0.910692', '300', '0', '0', '1299084', '0', '0', '0', '0', '0', '0', '12307', '0', '0', '0', '0', '0', '0', '0');
INSERT INTO `creature` (`guid`, `id`, `map`, `zoneId`, `areaId`, `spawnMask`, `phaseMask`, `PhaseId`, `modelid`, `equipment_id`, `position_x`, `position_y`, `position_z`, `orientation`, `spawntimesecs`, `spawndist`, `currentwaypoint`, `curhealth`, `curmana`, `MovementType`, `npcflag`, `npcflag2`, `unit_flags`, `dynamicflags`, `AiID`, `MovementID`, `MeleeID`, `isActive`, `skipClone`, `personal_size`, `isTeemingSpawn`, `unit_flags3`) VALUES ('300016252', '117147', '0', '5287', '1741', '1', '1', '', '0', '1', '-13173.1', '237.817', '33.233', '3.75383', '300', '0', '0', '1299084', '0', '0', '0', '0', '0', '0', '12307', '0', '0', '0', '0', '0', '0', '0');
INSERT INTO `creature` (`guid`, `id`, `map`, `zoneId`, `areaId`, `spawnMask`, `phaseMask`, `PhaseId`, `modelid`, `equipment_id`, `position_x`, `position_y`, `position_z`, `orientation`, `spawntimesecs`, `spawndist`, `currentwaypoint`, `curhealth`, `curmana`, `MovementType`, `npcflag`, `npcflag2`, `unit_flags`, `dynamicflags`, `AiID`, `MovementID`, `MeleeID`, `isActive`, `skipClone`, `personal_size`, `isTeemingSpawn`, `unit_flags3`) VALUES ('300016253', '117147', '0', '5287', '1741', '1', '1', '', '0', '1', '-13181.5', '232.019', '33.2327', '0.565117', '300', '0', '0', '1299084', '0', '0', '0', '0', '0', '0', '12307', '0', '0', '0', '0', '0', '0', '0');
INSERT INTO `creature` (`guid`, `id`, `map`, `zoneId`, `areaId`, `spawnMask`, `phaseMask`, `PhaseId`, `modelid`, `equipment_id`, `position_x`, `position_y`, `position_z`, `orientation`, `spawntimesecs`, `spawndist`, `currentwaypoint`, `curhealth`, `curmana`, `MovementType`, `npcflag`, `npcflag2`, `unit_flags`, `dynamicflags`, `AiID`, `MovementID`, `MeleeID`, `isActive`, `skipClone`, `personal_size`, `isTeemingSpawn`, `unit_flags3`) VALUES ('300016254', '117147', '0', '5287', '1741', '1', '1', '', '0', '1', '-13188.1', '228.908', '33.2287', '3.34935', '300', '0', '0', '1299084', '0', '0', '0', '0', '0', '0', '12307', '0', '0', '0', '0', '0', '0', '0');
INSERT INTO `creature` (`guid`, `id`, `map`, `zoneId`, `areaId`, `spawnMask`, `phaseMask`, `PhaseId`, `modelid`, `equipment_id`, `position_x`, `position_y`, `position_z`, `orientation`, `spawntimesecs`, `spawndist`, `currentwaypoint`, `curhealth`, `curmana`, `MovementType`, `npcflag`, `npcflag2`, `unit_flags`, `dynamicflags`, `AiID`, `MovementID`, `MeleeID`, `isActive`, `skipClone`, `personal_size`, `isTeemingSpawn`, `unit_flags3`) VALUES ('300016255', '117147', '0', '5287', '1741', '1', '1', '', '0', '1', '-13198.2', '226.667', '33.218', '0.101732', '300', '0', '0', '1299084', '0', '0', '0', '0', '0', '0', '12307', '0', '0', '0', '0', '0', '0', '0');
INSERT INTO `creature` (`guid`, `id`, `map`, `zoneId`, `areaId`, `spawnMask`, `phaseMask`, `PhaseId`, `modelid`, `equipment_id`, `position_x`, `position_y`, `position_z`, `orientation`, `spawntimesecs`, `spawndist`, `currentwaypoint`, `curhealth`, `curmana`, `MovementType`, `npcflag`, `npcflag2`, `unit_flags`, `dynamicflags`, `AiID`, `MovementID`, `MeleeID`, `isActive`, `skipClone`, `personal_size`, `isTeemingSpawn`, `unit_flags3`) VALUES ('300016289', '117147', '0', '5287', '1741', '1', '1', '', '0', '1', '-13244.7', '299.789', '33.2315', '0.754674', '300', '0', '0', '1299084', '0', '0', '0', '0', '0', '0', '12307', '0', '0', '0', '0', '0', '0', '0');
INSERT INTO `creature` (`guid`, `id`, `map`, `zoneId`, `areaId`, `spawnMask`, `phaseMask`, `PhaseId`, `modelid`, `equipment_id`, `position_x`, `position_y`, `position_z`, `orientation`, `spawntimesecs`, `spawndist`, `currentwaypoint`, `curhealth`, `curmana`, `MovementType`, `npcflag`, `npcflag2`, `unit_flags`, `dynamicflags`, `AiID`, `MovementID`, `MeleeID`, `isActive`, `skipClone`, `personal_size`, `isTeemingSpawn`, `unit_flags3`) VALUES ('300016290', '117147', '0', '5287', '1741', '1', '1', '', '0', '1', '-13237.7', '306.47', '33.2178', '3.91199', '300', '0', '0', '1299084', '0', '0', '0', '0', '0', '0', '12307', '0', '0', '0', '0', '0', '0', '0');
INSERT INTO `creature` (`guid`, `id`, `map`, `zoneId`, `areaId`, `spawnMask`, `phaseMask`, `PhaseId`, `modelid`, `equipment_id`, `position_x`, `position_y`, `position_z`, `orientation`, `spawntimesecs`, `spawndist`, `currentwaypoint`, `curhealth`, `curmana`, `MovementType`, `npcflag`, `npcflag2`, `unit_flags`, `dynamicflags`, `AiID`, `MovementID`, `MeleeID`, `isActive`, `skipClone`, `personal_size`, `isTeemingSpawn`, `unit_flags3`) VALUES ('300016239', '117147', '0', '5287', '1741', '1', '1', '', '0', '1', '-13199', '318.812', '33.23', '2.95272', '300', '0', '0', '1299084', '0', '0', '0', '0', '0', '0', '12307', '0', '0', '0', '0', '0', '0', '0');
INSERT INTO `creature` (`guid`, `id`, `map`, `zoneId`, `areaId`, `spawnMask`, `phaseMask`, `PhaseId`, `modelid`, `equipment_id`, `position_x`, `position_y`, `position_z`, `orientation`, `spawntimesecs`, `spawndist`, `currentwaypoint`, `curhealth`, `curmana`, `MovementType`, `npcflag`, `npcflag2`, `unit_flags`, `dynamicflags`, `AiID`, `MovementID`, `MeleeID`, `isActive`, `skipClone`, `personal_size`, `isTeemingSpawn`, `unit_flags3`) VALUES ('300016240', '117147', '0', '5287', '1741', '1', '1', '', '0', '1', '-13193.9', '317.609', '33.2296', '6.07468', '300', '0', '0', '1299084', '0', '0', '0', '0', '0', '0', '12307', '0', '0', '0', '0', '0', '0', '0');
INSERT INTO `creature` (`guid`, `id`, `map`, `zoneId`, `areaId`, `spawnMask`, `phaseMask`, `PhaseId`, `modelid`, `equipment_id`, `position_x`, `position_y`, `position_z`, `orientation`, `spawntimesecs`, `spawndist`, `currentwaypoint`, `curhealth`, `curmana`, `MovementType`, `npcflag`, `npcflag2`, `unit_flags`, `dynamicflags`, `AiID`, `MovementID`, `MeleeID`, `isActive`, `skipClone`, `personal_size`, `isTeemingSpawn`, `unit_flags3`) VALUES ('300016241', '117147', '0', '5287', '1741', '1', '1', '', '0', '1', '-13186.3', '315.237', '33.2311', '2.77994', '300', '0', '0', '1299084', '0', '0', '0', '0', '0', '0', '12307', '0', '0', '0', '0', '0', '0', '0');
INSERT INTO `creature` (`guid`, `id`, `map`, `zoneId`, `areaId`, `spawnMask`, `phaseMask`, `PhaseId`, `modelid`, `equipment_id`, `position_x`, `position_y`, `position_z`, `orientation`, `spawntimesecs`, `spawndist`, `currentwaypoint`, `curhealth`, `curmana`, `MovementType`, `npcflag`, `npcflag2`, `unit_flags`, `dynamicflags`, `AiID`, `MovementID`, `MeleeID`, `isActive`, `skipClone`, `personal_size`, `isTeemingSpawn`, `unit_flags3`) VALUES ('300016242', '117147', '0', '5287', '1741', '1', '1', '', '0', '1', '-13180.1', '311.326', '33.2288', '5.66234', '300', '0', '0', '1299084', '0', '0', '0', '0', '0', '0', '12307', '0', '0', '0', '0', '0', '0', '0');
INSERT INTO `creature` (`guid`, `id`, `map`, `zoneId`, `areaId`, `spawnMask`, `phaseMask`, `PhaseId`, `modelid`, `equipment_id`, `position_x`, `position_y`, `position_z`, `orientation`, `spawntimesecs`, `spawndist`, `currentwaypoint`, `curhealth`, `curmana`, `MovementType`, `npcflag`, `npcflag2`, `unit_flags`, `dynamicflags`, `AiID`, `MovementID`, `MeleeID`, `isActive`, `skipClone`, `personal_size`, `isTeemingSpawn`, `unit_flags3`) VALUES ('300016243', '117147', '0', '5287', '1741', '1', '1', '', '0', '1', '-13174.1', '306.604', '33.2291', '2.48149', '300', '0', '0', '1299084', '0', '0', '0', '0', '0', '0', '12307', '0', '0', '0', '0', '0', '0', '0');
INSERT INTO `creature` (`guid`, `id`, `map`, `zoneId`, `areaId`, `spawnMask`, `phaseMask`, `PhaseId`, `modelid`, `equipment_id`, `position_x`, `position_y`, `position_z`, `orientation`, `spawntimesecs`, `spawndist`, `currentwaypoint`, `curhealth`, `curmana`, `MovementType`, `npcflag`, `npcflag2`, `unit_flags`, `dynamicflags`, `AiID`, `MovementID`, `MeleeID`, `isActive`, `skipClone`, `personal_size`, `isTeemingSpawn`, `unit_flags3`) VALUES ('300016244', '117147', '0', '5287', '1741', '1', '1', '', '0', '1', '-13169.3', '303.553', '33.2313', '5.33641', '300', '0', '0', '1299084', '0', '0', '0', '0', '0', '0', '12307', '0', '0', '0', '0', '0', '0', '0');
INSERT INTO `creature` (`guid`, `id`, `map`, `zoneId`, `areaId`, `spawnMask`, `phaseMask`, `PhaseId`, `modelid`, `equipment_id`, `position_x`, `position_y`, `position_z`, `orientation`, `spawntimesecs`, `spawndist`, `currentwaypoint`, `curhealth`, `curmana`, `MovementType`, `npcflag`, `npcflag2`, `unit_flags`, `dynamicflags`, `AiID`, `MovementID`, `MeleeID`, `isActive`, `skipClone`, `personal_size`, `isTeemingSpawn`, `unit_flags3`) VALUES ('300016245', '117147', '0', '5287', '1741', '1', '1', '', '0', '1', '-13164.2', '296.551', '33.2322', '2.13591', '300', '0', '0', '1299084', '0', '0', '0', '0', '0', '0', '12307', '0', '0', '0', '0', '0', '0', '0');
INSERT INTO `creature` (`guid`, `id`, `map`, `zoneId`, `areaId`, `spawnMask`, `phaseMask`, `PhaseId`, `modelid`, `equipment_id`, `position_x`, `position_y`, `position_z`, `orientation`, `spawntimesecs`, `spawndist`, `currentwaypoint`, `curhealth`, `curmana`, `MovementType`, `npcflag`, `npcflag2`, `unit_flags`, `dynamicflags`, `AiID`, `MovementID`, `MeleeID`, `isActive`, `skipClone`, `personal_size`, `isTeemingSpawn`, `unit_flags3`) VALUES ('300016246', '117147', '0', '5287', '1741', '1', '1', '', '0', '1', '-13160.8', '289.544', '33.2311', '4.90051', '300', '0', '0', '1299084', '0', '0', '0', '0', '0', '0', '12307', '0', '0', '0', '0', '0', '0', '0');
INSERT INTO `creature` (`guid`, `id`, `map`, `zoneId`, `areaId`, `spawnMask`, `phaseMask`, `PhaseId`, `modelid`, `equipment_id`, `position_x`, `position_y`, `position_z`, `orientation`, `spawntimesecs`, `spawndist`, `currentwaypoint`, `curhealth`, `curmana`, `MovementType`, `npcflag`, `npcflag2`, `unit_flags`, `dynamicflags`, `AiID`, `MovementID`, `MeleeID`, `isActive`, `skipClone`, `personal_size`, `isTeemingSpawn`, `unit_flags3`) VALUES ('300016238', '117147', '0', '5287', '1741', '1', '1', '', '0', '1', '-13207.1', '319.026', '33.2302', '0.129211', '300', '0', '0', '1299084', '0', '0', '0', '0', '0', '0', '12307', '0', '0', '0', '0', '0', '0', '0');
INSERT INTO `creature` (`guid`, `id`, `map`, `zoneId`, `areaId`, `spawnMask`, `phaseMask`, `PhaseId`, `modelid`, `equipment_id`, `position_x`, `position_y`, `position_z`, `orientation`, `spawntimesecs`, `spawndist`, `currentwaypoint`, `curhealth`, `curmana`, `MovementType`, `npcflag`, `npcflag2`, `unit_flags`, `dynamicflags`, `AiID`, `MovementID`, `MeleeID`, `isActive`, `skipClone`, `personal_size`, `isTeemingSpawn`, `unit_flags3`) VALUES ('300016248', '117147', '0', '5287', '1741', '1', '1', '', '0', '1', '-13159.2', '264.335', '33.2173', '4.5353', '300', '0', '0', '1299084', '0', '0', '0', '0', '0', '0', '12307', '0', '0', '0', '0', '0', '0', '0');
INSERT INTO `creature` (`guid`, `id`, `map`, `zoneId`, `areaId`, `spawnMask`, `phaseMask`, `PhaseId`, `modelid`, `equipment_id`, `position_x`, `position_y`, `position_z`, `orientation`, `spawntimesecs`, `spawndist`, `currentwaypoint`, `curhealth`, `curmana`, `MovementType`, `npcflag`, `npcflag2`, `unit_flags`, `dynamicflags`, `AiID`, `MovementID`, `MeleeID`, `isActive`, `skipClone`, `personal_size`, `isTeemingSpawn`, `unit_flags3`) VALUES ('300016249', '117147', '0', '5287', '1741', '1', '1', '', '0', '1', '-13160.8', '256.519', '33.2287', '1.35444', '300', '0', '0', '1299084', '0', '0', '0', '0', '0', '0', '12307', '0', '0', '0', '0', '0', '0', '0');
INSERT INTO `creature` (`guid`, `id`, `map`, `zoneId`, `areaId`, `spawnMask`, `phaseMask`, `PhaseId`, `modelid`, `equipment_id`, `position_x`, `position_y`, `position_z`, `orientation`, `spawntimesecs`, `spawndist`, `currentwaypoint`, `curhealth`, `curmana`, `MovementType`, `npcflag`, `npcflag2`, `unit_flags`, `dynamicflags`, `AiID`, `MovementID`, `MeleeID`, `isActive`, `skipClone`, `personal_size`, `isTeemingSpawn`, `unit_flags3`) VALUES ('300016230', '117147', '0', '5287', '1741', '1', '1', '', '0', '1', '-13248.4', '253.738', '33.2192', '1.94665', '300', '0', '0', '1299084', '0', '0', '0', '0', '0', '0', '12307', '0', '0', '0', '0', '0', '0', '0');
INSERT INTO `creature` (`guid`, `id`, `map`, `zoneId`, `areaId`, `spawnMask`, `phaseMask`, `PhaseId`, `modelid`, `equipment_id`, `position_x`, `position_y`, `position_z`, `orientation`, `spawntimesecs`, `spawndist`, `currentwaypoint`, `curhealth`, `curmana`, `MovementType`, `npcflag`, `npcflag2`, `unit_flags`, `dynamicflags`, `AiID`, `MovementID`, `MeleeID`, `isActive`, `skipClone`, `personal_size`, `isTeemingSpawn`, `unit_flags3`) VALUES ('300016231', '117147', '0', '5287', '1741', '1', '1', '', '0', '1', '-13251', '260.635', '33.2289', '5.11833', '300', '0', '0', '1299084', '0', '0', '0', '0', '0', '0', '12307', '0', '0', '0', '0', '0', '0', '0');
INSERT INTO `creature` (`guid`, `id`, `map`, `zoneId`, `areaId`, `spawnMask`, `phaseMask`, `PhaseId`, `modelid`, `equipment_id`, `position_x`, `position_y`, `position_z`, `orientation`, `spawntimesecs`, `spawndist`, `currentwaypoint`, `curhealth`, `curmana`, `MovementType`, `npcflag`, `npcflag2`, `unit_flags`, `dynamicflags`, `AiID`, `MovementID`, `MeleeID`, `isActive`, `skipClone`, `personal_size`, `isTeemingSpawn`, `unit_flags3`) VALUES ('300016233', '117147', '0', '5287', '1741', '1', '1', '', '0', '1', '-13252.7', '277.251', '33.2344', '4.65495', '300', '0', '0', '1299084', '0', '0', '0', '0', '0', '0', '12307', '0', '0', '0', '0', '0', '0', '0');
INSERT INTO `creature` (`guid`, `id`, `map`, `zoneId`, `areaId`, `spawnMask`, `phaseMask`, `PhaseId`, `modelid`, `equipment_id`, `position_x`, `position_y`, `position_z`, `orientation`, `spawntimesecs`, `spawndist`, `currentwaypoint`, `curhealth`, `curmana`, `MovementType`, `npcflag`, `npcflag2`, `unit_flags`, `dynamicflags`, `AiID`, `MovementID`, `MeleeID`, `isActive`, `skipClone`, `personal_size`, `isTeemingSpawn`, `unit_flags3`) VALUES ('300016232', '117147', '0', '5287', '1741', '1', '1', '', '0', '1', '-13252.8', '268.896', '33.234', '1.55262', '300', '0', '0', '1299084', '0', '0', '0', '0', '0', '0', '12307', '0', '0', '0', '0', '0', '0', '0');
INSERT INTO `creature` (`guid`, `id`, `map`, `zoneId`, `areaId`, `spawnMask`, `phaseMask`, `PhaseId`, `modelid`, `equipment_id`, `position_x`, `position_y`, `position_z`, `orientation`, `spawntimesecs`, `spawndist`, `currentwaypoint`, `curhealth`, `curmana`, `MovementType`, `npcflag`, `npcflag2`, `unit_flags`, `dynamicflags`, `AiID`, `MovementID`, `MeleeID`, `isActive`, `skipClone`, `personal_size`, `isTeemingSpawn`, `unit_flags3`) VALUES ('300016234', '117147', '0', '5287', '1741', '1', '1', '', '0', '1', '-13251.3', '285.131', '33.233', '1.23454', '300', '0', '0', '1299084', '0', '0', '0', '0', '0', '0', '12307', '0', '0', '0', '0', '0', '0', '0');
INSERT INTO `creature` (`guid`, `id`, `map`, `zoneId`, `areaId`, `spawnMask`, `phaseMask`, `PhaseId`, `modelid`, `equipment_id`, `position_x`, `position_y`, `position_z`, `orientation`, `spawntimesecs`, `spawndist`, `currentwaypoint`, `curhealth`, `curmana`, `MovementType`, `npcflag`, `npcflag2`, `unit_flags`, `dynamicflags`, `AiID`, `MovementID`, `MeleeID`, `isActive`, `skipClone`, `personal_size`, `isTeemingSpawn`, `unit_flags3`) VALUES ('300016235', '117147', '0', '5287', '1741', '1', '1', '', '0', '1', '-13247.8', '294.224', '33.2334', '4.28582', '300', '0', '0', '1299084', '0', '0', '0', '0', '0', '0', '12307', '0', '0', '0', '0', '0', '0', '0');
INSERT INTO `creature` (`guid`, `id`, `map`, `zoneId`, `areaId`, `spawnMask`, `phaseMask`, `PhaseId`, `modelid`, `equipment_id`, `position_x`, `position_y`, `position_z`, `orientation`, `spawntimesecs`, `spawndist`, `currentwaypoint`, `curhealth`, `curmana`, `MovementType`, `npcflag`, `npcflag2`, `unit_flags`, `dynamicflags`, `AiID`, `MovementID`, `MeleeID`, `isActive`, `skipClone`, `personal_size`, `isTeemingSpawn`, `unit_flags3`) VALUES ('300016236', '117147', '0', '5287', '1741', '1', '1', '', '0', '1', '-13221.4', '315.886', '33.2209', '0.376614', '300', '0', '0', '1299084', '0', '0', '0', '0', '0', '0', '12307', '0', '0', '0', '0', '0', '0', '0');
INSERT INTO `creature` (`guid`, `id`, `map`, `zoneId`, `areaId`, `spawnMask`, `phaseMask`, `PhaseId`, `modelid`, `equipment_id`, `position_x`, `position_y`, `position_z`, `orientation`, `spawntimesecs`, `spawndist`, `currentwaypoint`, `curhealth`, `curmana`, `MovementType`, `npcflag`, `npcflag2`, `unit_flags`, `dynamicflags`, `AiID`, `MovementID`, `MeleeID`, `isActive`, `skipClone`, `personal_size`, `isTeemingSpawn`, `unit_flags3`) VALUES ('300016247', '117147', '0', '5287', '1741', '1', '1', '', '0', '1', '-13158.5', '279.489', '33.2176', '1.75107', '300', '0', '0', '1299084', '0', '0', '0', '0', '0', '0', '12307', '0', '0', '0', '0', '0', '0', '0');

/* Game Event*/
DELETE FROM `game_event` WHERE `eventEntry` ='1000';
INSERT INTO `game_event` (`eventEntry`, `start_time`, `end_time`, `occurence`, `length`, `holiday`, `description`, `world_event`) VALUES ('1000', '2020-04-30 00:27:54', '2029-04-16 00:28:15', '44640', '44640', '0', 'Tournament Blood And Heal', '0');

DELETE FROM `game_event` WHERE `eventEntry` ='1001';
INSERT INTO `game_event` (`eventEntry`, `start_time`, `end_time`, `occurence`, `length`, `holiday`, `description`, `world_event`) VALUES ('1001', '2020-04-30 00:27:54', '2029-04-16 00:28:15', '44640', '44640', '0', 'Tournament Blood And Heal Subscripcion', '0');

DELETE FROM `game_event_creature` WHERE `eventEntry` ='1000';
INSERT INTO `game_event_creature` (`eventEntry`, `guid`) VALUES ('1000', '300005000');
INSERT INTO `game_event_creature` (`eventEntry`, `guid`) VALUES ('1000', '300016269');
INSERT INTO `game_event_creature` (`eventEntry`, `guid`) VALUES ('1000', '300016283');
INSERT INTO `game_event_creature` (`eventEntry`, `guid`) VALUES ('1000', '300016282');
INSERT INTO `game_event_creature` (`eventEntry`, `guid`) VALUES ('1000', '300016284');
INSERT INTO `game_event_creature` (`eventEntry`, `guid`) VALUES ('1000', '300016285');
INSERT INTO `game_event_creature` (`eventEntry`, `guid`) VALUES ('1000', '300016286');
INSERT INTO `game_event_creature` (`eventEntry`, `guid`) VALUES ('1000', '300016287');
INSERT INTO `game_event_creature` (`eventEntry`, `guid`) VALUES ('1000', '300016288');
INSERT INTO `game_event_creature` (`eventEntry`, `guid`) VALUES ('1000', '300016268');
INSERT INTO `game_event_creature` (`eventEntry`, `guid`) VALUES ('1000', '300016281');
INSERT INTO `game_event_creature` (`eventEntry`, `guid`) VALUES ('1000', '300016279');
INSERT INTO `game_event_creature` (`eventEntry`, `guid`) VALUES ('1000', '300016270');
INSERT INTO `game_event_creature` (`eventEntry`, `guid`) VALUES ('1000', '300016272');
INSERT INTO `game_event_creature` (`eventEntry`, `guid`) VALUES ('1000', '300016273');
INSERT INTO `game_event_creature` (`eventEntry`, `guid`) VALUES ('1000', '300016274');
INSERT INTO `game_event_creature` (`eventEntry`, `guid`) VALUES ('1000', '300016275');
INSERT INTO `game_event_creature` (`eventEntry`, `guid`) VALUES ('1000', '300016277');
INSERT INTO `game_event_creature` (`eventEntry`, `guid`) VALUES ('1000', '300016278');
INSERT INTO `game_event_creature` (`eventEntry`, `guid`) VALUES ('1000', '300016280');
INSERT INTO `game_event_creature` (`eventEntry`, `guid`) VALUES ('1000', '300016276');
INSERT INTO `game_event_creature` (`eventEntry`, `guid`) VALUES ('1000', '300016267');
INSERT INTO `game_event_creature` (`eventEntry`, `guid`) VALUES ('1000', '300016256');
INSERT INTO `game_event_creature` (`eventEntry`, `guid`) VALUES ('1000', '300016257');
INSERT INTO `game_event_creature` (`eventEntry`, `guid`) VALUES ('1000', '300016258');
INSERT INTO `game_event_creature` (`eventEntry`, `guid`) VALUES ('1000', '300016259');
INSERT INTO `game_event_creature` (`eventEntry`, `guid`) VALUES ('1000', '300016260');
INSERT INTO `game_event_creature` (`eventEntry`, `guid`) VALUES ('1000', '300016261');
INSERT INTO `game_event_creature` (`eventEntry`, `guid`) VALUES ('1000', '300016262');
INSERT INTO `game_event_creature` (`eventEntry`, `guid`) VALUES ('1000', '300016263');
INSERT INTO `game_event_creature` (`eventEntry`, `guid`) VALUES ('1000', '300016264');
INSERT INTO `game_event_creature` (`eventEntry`, `guid`) VALUES ('1000', '300016265');
INSERT INTO `game_event_creature` (`eventEntry`, `guid`) VALUES ('1000', '300016266');
INSERT INTO `game_event_creature` (`eventEntry`, `guid`) VALUES ('1000', '300016237');
INSERT INTO `game_event_creature` (`eventEntry`, `guid`) VALUES ('1000', '300016250');
INSERT INTO `game_event_creature` (`eventEntry`, `guid`) VALUES ('1000', '300016251');
INSERT INTO `game_event_creature` (`eventEntry`, `guid`) VALUES ('1000', '300016252');
INSERT INTO `game_event_creature` (`eventEntry`, `guid`) VALUES ('1000', '300016253');
INSERT INTO `game_event_creature` (`eventEntry`, `guid`) VALUES ('1000', '300016254');
INSERT INTO `game_event_creature` (`eventEntry`, `guid`) VALUES ('1000', '300016255');
INSERT INTO `game_event_creature` (`eventEntry`, `guid`) VALUES ('1000', '300016289');
INSERT INTO `game_event_creature` (`eventEntry`, `guid`) VALUES ('1000', '300016290');
INSERT INTO `game_event_creature` (`eventEntry`, `guid`) VALUES ('1000', '300016239');
INSERT INTO `game_event_creature` (`eventEntry`, `guid`) VALUES ('1000', '300016240');
INSERT INTO `game_event_creature` (`eventEntry`, `guid`) VALUES ('1000', '300016241');
INSERT INTO `game_event_creature` (`eventEntry`, `guid`) VALUES ('1000', '300016242');
INSERT INTO `game_event_creature` (`eventEntry`, `guid`) VALUES ('1000', '300016243');
INSERT INTO `game_event_creature` (`eventEntry`, `guid`) VALUES ('1000', '300016244');
INSERT INTO `game_event_creature` (`eventEntry`, `guid`) VALUES ('1000', '300016245');
INSERT INTO `game_event_creature` (`eventEntry`, `guid`) VALUES ('1000', '300016246');
INSERT INTO `game_event_creature` (`eventEntry`, `guid`) VALUES ('1000', '300016238');
INSERT INTO `game_event_creature` (`eventEntry`, `guid`) VALUES ('1000', '300016248');
INSERT INTO `game_event_creature` (`eventEntry`, `guid`) VALUES ('1000', '300016249');
INSERT INTO `game_event_creature` (`eventEntry`, `guid`) VALUES ('1000', '300016230');
INSERT INTO `game_event_creature` (`eventEntry`, `guid`) VALUES ('1000', '300016231');
INSERT INTO `game_event_creature` (`eventEntry`, `guid`) VALUES ('1000', '300016233');
INSERT INTO `game_event_creature` (`eventEntry`, `guid`) VALUES ('1000', '300016232');
INSERT INTO `game_event_creature` (`eventEntry`, `guid`) VALUES ('1000', '300016234');
INSERT INTO `game_event_creature` (`eventEntry`, `guid`) VALUES ('1000', '300016235');
INSERT INTO `game_event_creature` (`eventEntry`, `guid`) VALUES ('1000', '300016236');
INSERT INTO `game_event_creature` (`eventEntry`, `guid`) VALUES ('1000', '300016247');

/* item script */
DELETE FROM `item_script_names` WHERE `Id`='505050';
INSERT INTO `item_script_names` (`Id`, `ScriptName`) VALUES ('505050', 'item_tournament_bl_reward');
